hd_id,film,year,decade,primary_search_theme,six_word_blind_synopsis,search_tags,canon_anchor,spoiler_safe,word_count,reference_url
1,Rear Window,1954,1950s,I want to feel tense,Watching neighbours becomes dangerously personal tonight.,"tense, suspense, pressure, chase, claustrophobic, edge of seat",TSPDT Top 100,Yes,6,https://theyshootpictures.com/gf1000_all1000films.htm
2,Jaws,1975,1970s,I want to feel tense,A seaside summer turns quietly predatory.,"tense, suspense, pressure, chase, claustrophobic, edge of seat",TSPDT Top 100,Yes,6,https://theyshootpictures.com/gf1000_all1000films.htm
3,The Wages of Fear,1953,1950s,I want to feel tense,"One rough road, four fragile lives.","tense, suspense, pressure, chase, claustrophobic, edge of seat",Core 500,Yes,6,https://theyshootpictures.com/gf1000_all1000films.htm
4,High and Low,1963,1960s,I want to feel tense,"A kidnapping fractures wealth, duty, conscience.","tense, suspense, pressure, chase, claustrophobic, edge of seat",Core 500,Yes,6,https://theyshootpictures.com/gf1000_all1000films.htm
5,The Conversation,1974,1970s,I want to feel tense,Listening too closely becomes its danger.,"tense, suspense, pressure, chase, claustrophobic, edge of seat",Core 500,Yes,6,https://theyshootpictures.com/gf1000_all1000films.htm
6,Sorcerer,1977,1970s,I want to feel tense,Desperate men drive cargo toward disaster.,"tense, suspense, pressure, chase, claustrophobic, edge of seat",Core 500,Yes,6,https://theyshootpictures.com/gf1000_all1000films.htm
7,A Man Escaped,1956,1950s,I want to feel tense,Every tiny sound could mean death.,"tense, suspense, pressure, chase, claustrophobic, edge of seat",TSPDT Top 100,Yes,6,https://theyshootpictures.com/gf1000_all1000films.htm
8,Dog Day Afternoon,1975,1970s,I want to feel tense,A robbery unravels before everyone watching.,"tense, suspense, pressure, chase, claustrophobic, edge of seat",Core 500,Yes,6,https://theyshootpictures.com/gf1000_all1000films.htm
9,No Country for Old Men,2007,2000s,I want to feel tense,"Chance, money, violence, and fate collide.","tense, suspense, pressure, chase, claustrophobic, edge of seat",Core 500,Yes,6,https://theyshootpictures.com/gf1000_all1000films.htm
10,The Silence of the Lambs,1991,1990s,I want to feel tense,A young investigator enters predatory minds.,"tense, suspense, pressure, chase, claustrophobic, edge of seat",Core 500,Yes,6,https://theyshootpictures.com/gf1000_all1000films.htm
11,Heat,1995,1990s,I want to feel tense,Two professionals close in on collision.,"tense, suspense, pressure, chase, claustrophobic, edge of seat",Core 500,Yes,6,https://theyshootpictures.com/gf1000_all1000films.htm
12,The Thing,1982,1980s,I want to feel tense,Isolation makes every face feel dangerous.,"tense, suspense, pressure, chase, claustrophobic, edge of seat",Core 500,Yes,6,https://theyshootpictures.com/gf1000_all1000films.htm
13,All the President's Men,1976,1970s,I want to feel tense,Two reporters follow danger into power.,"tense, suspense, pressure, chase, claustrophobic, edge of seat",Core 500,Yes,6,https://theyshootpictures.com/gf1000_all1000films.htm
14,The French Connection,1971,1970s,I want to feel tense,Obsession drives a relentless city chase.,"tense, suspense, pressure, chase, claustrophobic, edge of seat",Core 500,Yes,6,https://theyshootpictures.com/gf1000_all1000films.htm
15,Uncut Gems,2019,2010s,I want to feel tense,Every bad decision somehow gets louder.,"tense, suspense, pressure, chase, claustrophobic, edge of seat",Core 500,Yes,6,https://theyshootpictures.com/gf1000_all1000films.htm
16,Sicario,2015,2010s,I want to feel tense,A border mission abandons moral certainty.,"tense, suspense, pressure, chase, claustrophobic, edge of seat",Core 500,Yes,6,https://theyshootpictures.com/gf1000_all1000films.htm
17,The Guilty,2018,2010s,I want to feel tense,One phone call keeps tightening everything.,"tense, suspense, pressure, chase, claustrophobic, edge of seat",Core 500,Yes,6,https://theyshootpictures.com/gf1000_all1000films.htm
18,Run Lola Run,1998,1990s,I want to feel tense,Minutes reset; love keeps outrunning consequence.,"tense, suspense, pressure, chase, claustrophobic, edge of seat",Core 500,Yes,6,https://theyshootpictures.com/gf1000_all1000films.htm
19,Thief,1981,1980s,I want to feel tense,A careful criminal risks one future.,"tense, suspense, pressure, chase, claustrophobic, edge of seat",Core 500,Yes,6,https://theyshootpictures.com/gf1000_all1000films.htm
20,The Taking of Pelham One Two Three,1974,1970s,I want to feel tense,A subway hostage plan tightens relentlessly.,"tense, suspense, pressure, chase, claustrophobic, edge of seat",Core 500,Yes,6,https://theyshootpictures.com/gf1000_all1000films.htm
21,Taxi Driver,1976,1970s,I want to feel tense,Loneliness hardens into dangerous urban obsession.,"tense, suspense, pressure, chase, claustrophobic, edge of seat",TSPDT Top 100,Yes,6,https://theyshootpictures.com/gf1000_all1000films.htm
22,A Quiet Place,2018,2010s,I want to feel tense,Silence becomes the family's only defence.,"tense, suspense, pressure, chase, claustrophobic, edge of seat",Core 500,Yes,6,https://theyshootpictures.com/gf1000_all1000films.htm
23,Prisoners,2013,2010s,I want to feel tense,A disappearance pushes everyone past limits.,"tense, suspense, pressure, chase, claustrophobic, edge of seat",Core 500,Yes,6,https://theyshootpictures.com/gf1000_all1000films.htm
24,Rififi,1955,1950s,I want to feel tense,A perfect robbery demands perfect silence.,"tense, suspense, pressure, chase, claustrophobic, edge of seat",Core 500,Yes,6,https://theyshootpictures.com/gf1000_all1000films.htm
25,The Vanishing,1988,1980s,I want to feel tense,One disappearance becomes an unbearable obsession.,"tense, suspense, pressure, chase, claustrophobic, edge of seat",Core 500,Yes,6,https://theyshootpictures.com/gf1000_all1000films.htm
26,Psycho,1960,1960s,I want to be scared,A lonely motel hides terrible secrets.,"horror, scary, creepy, dread, disturbing, supernatural",TSPDT Top 100,Yes,6,https://theyshootpictures.com/gf1000_all1000films.htm
27,The Shining,1980,1980s,I want to be scared,Winter isolation feeds a family's nightmare.,"horror, scary, creepy, dread, disturbing, supernatural",TSPDT Top 100,Yes,6,https://theyshootpictures.com/gf1000_all1000films.htm
28,The Exorcist,1973,1970s,I want to be scared,Faith confronts something violently beyond reason.,"horror, scary, creepy, dread, disturbing, supernatural",Core 500,Yes,6,https://theyshootpictures.com/gf1000_all1000films.htm
29,Rosemary's Baby,1968,1960s,I want to be scared,Pregnancy makes every neighbour feel sinister.,"horror, scary, creepy, dread, disturbing, supernatural",Core 500,Yes,6,https://theyshootpictures.com/gf1000_all1000films.htm
30,Alien,1979,1970s,I want to be scared,Deep space becomes a locked nightmare.,"horror, scary, creepy, dread, disturbing, supernatural",Core 500,Yes,6,https://theyshootpictures.com/gf1000_all1000films.htm
31,The Texas Chain Saw Massacre,1974,1970s,I want to be scared,A country detour becomes waking terror.,"horror, scary, creepy, dread, disturbing, supernatural",Core 500,Yes,6,https://theyshootpictures.com/gf1000_all1000films.htm
32,Halloween,1978,1970s,I want to be scared,One quiet suburb waits for darkness.,"horror, scary, creepy, dread, disturbing, supernatural",Core 500,Yes,6,https://theyshootpictures.com/gf1000_all1000films.htm
33,Night of the Living Dead,1968,1960s,I want to be scared,Strangers barricade themselves against gathering horror.,"horror, scary, creepy, dread, disturbing, supernatural",Core 500,Yes,6,https://theyshootpictures.com/gf1000_all1000films.htm
34,The Innocents,1961,1960s,I want to be scared,"A governess doubts children, ghosts, herself.","horror, scary, creepy, dread, disturbing, supernatural",Core 500,Yes,6,https://theyshootpictures.com/gf1000_all1000films.htm
35,Suspiria,1977,1970s,I want to be scared,A dance school pulses with nightmare.,"horror, scary, creepy, dread, disturbing, supernatural",Core 500,Yes,6,https://theyshootpictures.com/gf1000_all1000films.htm
36,Don't Look Now,1973,1970s,I want to be scared,Grief follows a couple through Venice.,"horror, scary, creepy, dread, disturbing, supernatural",Core 500,Yes,6,https://theyshootpictures.com/gf1000_all1000films.htm
37,The Babadook,2014,2010s,I want to be scared,Grief enters a house wearing teeth.,"horror, scary, creepy, dread, disturbing, supernatural",Core 500,Yes,6,https://theyshootpictures.com/gf1000_all1000films.htm
38,Get Out,2017,2010s,I want to be scared,A friendly visit grows increasingly wrong.,"horror, scary, creepy, dread, disturbing, supernatural",Core 500,Yes,6,https://theyshootpictures.com/gf1000_all1000films.htm
39,Hereditary,2018,2010s,I want to be scared,Family grief awakens something much older.,"horror, scary, creepy, dread, disturbing, supernatural",Core 500,Yes,6,https://theyshootpictures.com/gf1000_all1000films.htm
40,The Witch,2015,2010s,I want to be scared,"A family fears wilderness, sin, suspicion.","horror, scary, creepy, dread, disturbing, supernatural",Core 500,Yes,6,https://theyshootpictures.com/gf1000_all1000films.htm
41,The Blair Witch Project,1999,1990s,I want to be scared,Three filmmakers vanish inside their footage.,"horror, scary, creepy, dread, disturbing, supernatural",Core 500,Yes,6,https://theyshootpictures.com/gf1000_all1000films.htm
42,Ringu,1998,1990s,I want to be scared,A cursed recording makes time terrifying.,"horror, scary, creepy, dread, disturbing, supernatural",Core 500,Yes,6,https://theyshootpictures.com/gf1000_all1000films.htm
43,The Haunting,1963,1960s,I want to be scared,An old house studies its guests.,"horror, scary, creepy, dread, disturbing, supernatural",Core 500,Yes,6,https://theyshootpictures.com/gf1000_all1000films.htm
44,Carrie,1976,1970s,I want to be scared,Cruelty corners a girl with power.,"horror, scary, creepy, dread, disturbing, supernatural",Core 500,Yes,6,https://theyshootpictures.com/gf1000_all1000films.htm
45,The Wicker Man,1973,1970s,I want to be scared,An island welcomes one suspicious policeman.,"horror, scary, creepy, dread, disturbing, supernatural",Core 500,Yes,6,https://theyshootpictures.com/gf1000_all1000films.htm
46,Nosferatu,1922,1920s,I want to be scared,A stranger brings hunger into daylight.,"horror, scary, creepy, dread, disturbing, supernatural",Core 500,Yes,6,https://theyshootpictures.com/gf1000_all1000films.htm
47,It Follows,2014,2010s,I want to be scared,Something patient keeps walking toward you.,"horror, scary, creepy, dread, disturbing, supernatural",Core 500,Yes,6,https://theyshootpictures.com/gf1000_all1000films.htm
48,The Fly,1986,1980s,I want to be scared,Scientific ambition mutates into intimate horror.,"horror, scary, creepy, dread, disturbing, supernatural",Core 500,Yes,6,https://theyshootpictures.com/gf1000_all1000films.htm
49,The Others,2001,2000s,I want to be scared,A silent house refuses easy explanations.,"horror, scary, creepy, dread, disturbing, supernatural",Core 500,Yes,6,https://theyshootpictures.com/gf1000_all1000films.htm
50,Blue Velvet,1986,1980s,I want to be scared,Small town beauty hides violent darkness.,"horror, scary, creepy, dread, disturbing, supernatural",TSPDT Top 100,Yes,6,https://theyshootpictures.com/gf1000_all1000films.htm
51,Chinatown,1974,1970s,I want a mystery,A simple case opens deeper corruption.,"mystery, detective, investigation, secrets, puzzle, noir",TSPDT Top 100,Yes,6,https://theyshootpictures.com/gf1000_all1000films.htm
52,Vertigo,1958,1950s,I want a mystery,Obsession follows a woman into illusion.,"mystery, detective, investigation, secrets, puzzle, noir",TSPDT Top 100,Yes,6,https://theyshootpictures.com/gf1000_all1000films.htm
53,The Third Man,1949,1940s,I want a mystery,A dead friend leaves unanswered questions.,"mystery, detective, investigation, secrets, puzzle, noir",TSPDT Top 100,Yes,6,https://theyshootpictures.com/gf1000_all1000films.htm
54,The Maltese Falcon,1941,1940s,I want a mystery,Everyone wants one impossible black bird.,"mystery, detective, investigation, secrets, puzzle, noir",Core 500,Yes,6,https://theyshootpictures.com/gf1000_all1000films.htm
55,L.A. Confidential,1997,1990s,I want a mystery,Three policemen uncover one rotten city.,"mystery, detective, investigation, secrets, puzzle, noir",Core 500,Yes,6,https://theyshootpictures.com/gf1000_all1000films.htm
56,Zodiac,2007,2000s,I want a mystery,A killer's shadow consumes ordinary lives.,"mystery, detective, investigation, secrets, puzzle, noir",Core 500,Yes,6,https://theyshootpictures.com/gf1000_all1000films.htm
57,Memories of Murder,2003,2000s,I want a mystery,Two detectives chase answers through rain.,"mystery, detective, investigation, secrets, puzzle, noir",Core 500,Yes,6,https://theyshootpictures.com/gf1000_all1000films.htm
58,Blow-Up,1966,1960s,I want a mystery,A photograph may contain something terrible.,"mystery, detective, investigation, secrets, puzzle, noir",Core 500,Yes,6,https://theyshootpictures.com/gf1000_all1000films.htm
59,The Big Sleep,1946,1940s,I want a mystery,A private detective enters elegant confusion.,"mystery, detective, investigation, secrets, puzzle, noir",Core 500,Yes,6,https://theyshootpictures.com/gf1000_all1000films.htm
60,Caché,2005,2000s,I want a mystery,Anonymous tapes expose buried domestic guilt.,"mystery, detective, investigation, secrets, puzzle, noir",Core 500,Yes,6,https://theyshootpictures.com/gf1000_all1000films.htm
61,The Thin Blue Line,1988,1980s,I want a mystery,A murder case refuses official certainty.,"mystery, detective, investigation, secrets, puzzle, noir",Core 500,Yes,6,https://theyshootpictures.com/gf1000_all1000films.htm
62,Laura,1944,1940s,I want a mystery,A detective falls for an absence.,"mystery, detective, investigation, secrets, puzzle, noir",Core 500,Yes,6,https://theyshootpictures.com/gf1000_all1000films.htm
63,The Long Goodbye,1973,1970s,I want a mystery,An old friend leaves fresh trouble.,"mystery, detective, investigation, secrets, puzzle, noir",Core 500,Yes,6,https://theyshootpictures.com/gf1000_all1000films.htm
64,Klute,1971,1970s,I want a mystery,A disappearance draws strangers dangerously together.,"mystery, detective, investigation, secrets, puzzle, noir",Core 500,Yes,6,https://theyshootpictures.com/gf1000_all1000films.htm
65,L'Avventura,1960,1960s,I want a mystery,A disappearance leaves desire strangely exposed.,"mystery, detective, investigation, secrets, puzzle, noir",TSPDT Top 100,Yes,6,https://theyshootpictures.com/gf1000_all1000films.htm
66,The Secret in Their Eyes,2009,2000s,I want a mystery,A cold case keeps love unfinished.,"mystery, detective, investigation, secrets, puzzle, noir",Core 500,Yes,6,https://theyshootpictures.com/gf1000_all1000films.htm
67,Decision to Leave,2022,2020s,I want a mystery,A detective's suspicion becomes intimate fascination.,"mystery, detective, investigation, secrets, puzzle, noir",Core 500,Yes,6,https://theyshootpictures.com/gf1000_all1000films.htm
68,Touch of Evil,1958,1950s,I want a mystery,A border crime reveals deeper corruption.,"mystery, detective, investigation, secrets, puzzle, noir",TSPDT Top 100,Yes,6,https://theyshootpictures.com/gf1000_all1000films.htm
69,The Lady Vanishes,1938,1930s,I want a mystery,A missing passenger tests everyone's reality.,"mystery, detective, investigation, secrets, puzzle, noir",Core 500,Yes,6,https://theyshootpictures.com/gf1000_all1000films.htm
70,Diabolique,1955,1950s,I want a mystery,A cruel plan leaves impossible evidence.,"mystery, detective, investigation, secrets, puzzle, noir",Core 500,Yes,6,https://theyshootpictures.com/gf1000_all1000films.htm
71,M,1931,1930s,I want a mystery,A city hunts a hidden predator.,"mystery, detective, investigation, secrets, puzzle, noir",TSPDT Top 100,Yes,6,https://theyshootpictures.com/gf1000_all1000films.htm
72,Close-Up,1990,1990s,I want a mystery,"Identity, cinema, and truth quietly intertwine.","mystery, detective, investigation, secrets, puzzle, noir",TSPDT Top 100,Yes,6,https://theyshootpictures.com/gf1000_all1000films.htm
73,Deep Red,1975,1970s,I want a mystery,A witness remembers one crucial wrongness.,"mystery, detective, investigation, secrets, puzzle, noir",Core 500,Yes,6,https://theyshootpictures.com/gf1000_all1000films.htm
74,Rashomon,1950,1950s,I want a mystery,One crime becomes several incompatible truths.,"mystery, detective, investigation, secrets, puzzle, noir",TSPDT Top 100,Yes,6,https://theyshootpictures.com/gf1000_all1000films.htm
75,Burning,2018,2010s,I want a mystery,A disappearance leaves jealousy without proof.,"mystery, detective, investigation, secrets, puzzle, noir",Core 500,Yes,6,https://theyshootpictures.com/gf1000_all1000films.htm
76,Mulholland Dr.,2001,2000s,I want something mind-bending,Hollywood dreams fold into dangerous identities.,"mind bending, surreal, reality, memory, identity, strange",TSPDT Top 100,Yes,6,https://theyshootpictures.com/gf1000_all1000films.htm
77,Persona,1966,1960s,I want something mind-bending,Two women slowly blur their boundaries.,"mind bending, surreal, reality, memory, identity, strange",TSPDT Top 100,Yes,6,https://theyshootpictures.com/gf1000_all1000films.htm
78,Memento,2000,2000s,I want something mind-bending,Memory resets while guilt keeps moving.,"mind bending, surreal, reality, memory, identity, strange",Core 500,Yes,6,https://theyshootpictures.com/gf1000_all1000films.htm
79,Eternal Sunshine of the Spotless Mind,2004,2000s,I want something mind-bending,Love fights deletion from inside memory.,"mind bending, surreal, reality, memory, identity, strange",Core 500,Yes,6,https://theyshootpictures.com/gf1000_all1000films.htm
80,Last Year at Marienbad,1961,1960s,I want something mind-bending,"Memory, desire, and reality refuse agreement.","mind bending, surreal, reality, memory, identity, strange",Core 500,Yes,6,https://theyshootpictures.com/gf1000_all1000films.htm
81,"Synecdoche, New York",2008,2000s,I want something mind-bending,A life becomes its own replica.,"mind bending, surreal, reality, memory, identity, strange",Core 500,Yes,6,https://theyshootpictures.com/gf1000_all1000films.htm
82,Primer,2004,2000s,I want something mind-bending,Two engineers make time dangerously practical.,"mind bending, surreal, reality, memory, identity, strange",Core 500,Yes,6,https://theyshootpictures.com/gf1000_all1000films.htm
83,Ordet,1955,1950s,I want something mind-bending,Faith and reason wait for impossible.,"mind bending, surreal, reality, memory, identity, strange",TSPDT Top 100,Yes,6,https://theyshootpictures.com/gf1000_all1000films.htm
84,Being John Malkovich,1999,1990s,I want something mind-bending,A doorway opens inside another person.,"mind bending, surreal, reality, memory, identity, strange",Core 500,Yes,6,https://theyshootpictures.com/gf1000_all1000films.htm
85,Perfect Blue,1997,1990s,I want something mind-bending,"Fame splinters identity, performance, and reality.","mind bending, surreal, reality, memory, identity, strange",Core 500,Yes,6,https://theyshootpictures.com/gf1000_all1000films.htm
86,Paprika,2006,2000s,I want something mind-bending,Dreams escape and invade waking life.,"mind bending, surreal, reality, memory, identity, strange",Core 500,Yes,6,https://theyshootpictures.com/gf1000_all1000films.htm
87,The Double Life of Véronique,1991,1990s,I want something mind-bending,Two lives echo without explanation anywhere.,"mind bending, surreal, reality, memory, identity, strange",Core 500,Yes,6,https://theyshootpictures.com/gf1000_all1000films.htm
88,La Jetée,1962,1960s,I want something mind-bending,Memory becomes a corridor through time.,"mind bending, surreal, reality, memory, identity, strange",TSPDT Top 100,Yes,6,https://theyshootpictures.com/gf1000_all1000films.htm
89,The Seventh Seal,1957,1950s,I want something mind-bending,A knight questions death beside plague.,"mind bending, surreal, reality, memory, identity, strange",TSPDT Top 100,Yes,6,https://theyshootpictures.com/gf1000_all1000films.htm
90,Viridiana,1961,1960s,I want something mind-bending,"Charity meets desire, hypocrisy, and chaos.","mind bending, surreal, reality, memory, identity, strange",TSPDT Top 100,Yes,6,https://theyshootpictures.com/gf1000_all1000films.htm
91,Meshes of the Afternoon,1943,1940s,I want something mind-bending,A familiar house loops into nightmare.,"mind bending, surreal, reality, memory, identity, strange",TSPDT Top 100,Yes,6,https://theyshootpictures.com/gf1000_all1000films.htm
92,Lost Highway,1997,1990s,I want something mind-bending,Identity changes while guilt keeps driving.,"mind bending, surreal, reality, memory, identity, strange",Core 500,Yes,6,https://theyshootpictures.com/gf1000_all1000films.htm
93,Holy Motors,2012,2010s,I want something mind-bending,One man performs impossible lives daily.,"mind bending, surreal, reality, memory, identity, strange",Core 500,Yes,6,https://theyshootpictures.com/gf1000_all1000films.htm
94,The Exterminating Angel,1962,1960s,I want something mind-bending,Polite guests discover they cannot leave.,"mind bending, surreal, reality, memory, identity, strange",Core 500,Yes,6,https://theyshootpictures.com/gf1000_all1000films.htm
95,Orlando,1992,1990s,I want something mind-bending,One life crosses centuries and genders.,"mind bending, surreal, reality, memory, identity, strange",Core 500,Yes,6,https://theyshootpictures.com/gf1000_all1000films.htm
96,Under the Skin,2013,2010s,I want something mind-bending,An outsider studies humans by hunting.,"mind bending, surreal, reality, memory, identity, strange",Core 500,Yes,6,https://theyshootpictures.com/gf1000_all1000films.htm
97,Pierrot le Fou,1965,1960s,I want something mind-bending,Lovers escape convention into reckless freedom.,"mind bending, surreal, reality, memory, identity, strange",TSPDT Top 100,Yes,6,https://theyshootpictures.com/gf1000_all1000films.htm
98,Brazil,1985,1980s,I want something mind-bending,Bureaucracy turns one dreamer into fugitive.,"mind bending, surreal, reality, memory, identity, strange",Core 500,Yes,6,https://theyshootpictures.com/gf1000_all1000films.htm
99,The Matrix,1999,1990s,I want something mind-bending,Reality cracks open beneath ordinary life.,"mind bending, surreal, reality, memory, identity, strange",Core 500,Yes,6,https://theyshootpictures.com/gf1000_all1000films.htm
100,Stalker,1979,1970s,I want something mind-bending,Three men enter a forbidden possibility.,"mind bending, surreal, reality, memory, identity, strange",TSPDT Top 100,Yes,6,https://theyshootpictures.com/gf1000_all1000films.htm
101,Raiders of the Lost Ark,1981,1980s,I want big adventure,A globe trotting hunt keeps accelerating.,"adventure, epic, journey, quest, action, escape",Core 500,Yes,6,https://theyshootpictures.com/gf1000_all1000films.htm
102,Lawrence of Arabia,1962,1960s,I want big adventure,A desert campaign reshapes one man.,"adventure, epic, journey, quest, action, escape",TSPDT Top 100,Yes,6,https://theyshootpictures.com/gf1000_all1000films.htm
103,Seven Samurai,1954,1950s,I want big adventure,Seven warriors defend one vulnerable village.,"adventure, epic, journey, quest, action, escape",TSPDT Top 100,Yes,6,https://theyshootpictures.com/gf1000_all1000films.htm
104,"The Good, the Bad and the Ugly",1966,1960s,I want big adventure,Three guns chase one buried fortune.,"adventure, epic, journey, quest, action, escape",Core 500,Yes,6,https://theyshootpictures.com/gf1000_all1000films.htm
105,The Lord of the Rings: The Fellowship of the Ring,2001,2000s,I want big adventure,A small burden begins an epic.,"adventure, epic, journey, quest, action, escape",Core 500,Yes,6,https://theyshootpictures.com/gf1000_all1000films.htm
106,The Lord of the Rings: The Two Towers,2002,2000s,I want big adventure,Friendships strain as war gathers everywhere.,"adventure, epic, journey, quest, action, escape",Core 500,Yes,6,https://theyshootpictures.com/gf1000_all1000films.htm
107,The Lord of the Rings: The Return of the King,2003,2000s,I want big adventure,One final journey decides whole worlds.,"adventure, epic, journey, quest, action, escape",Core 500,Yes,6,https://theyshootpictures.com/gf1000_all1000films.htm
108,Mad Max: Fury Road,2015,2010s,I want big adventure,A desert escape becomes roaring rebellion.,"adventure, epic, journey, quest, action, escape",Core 500,Yes,6,https://theyshootpictures.com/gf1000_all1000films.htm
109,Master and Commander: The Far Side of the World,2003,2000s,I want big adventure,Two ships wage war across oceans.,"adventure, epic, journey, quest, action, escape",Core 500,Yes,6,https://theyshootpictures.com/gf1000_all1000films.htm
110,The African Queen,1951,1950s,I want big adventure,Two mismatched travellers brave dangerous waters.,"adventure, epic, journey, quest, action, escape",Core 500,Yes,6,https://theyshootpictures.com/gf1000_all1000films.htm
111,The Adventures of Robin Hood,1938,1930s,I want big adventure,A laughing outlaw challenges corrupt power.,"adventure, epic, journey, quest, action, escape",Core 500,Yes,6,https://theyshootpictures.com/gf1000_all1000films.htm
112,North by Northwest,1959,1950s,I want big adventure,A mistaken identity becomes continental pursuit.,"adventure, epic, journey, quest, action, escape",TSPDT Top 100,Yes,6,https://theyshootpictures.com/gf1000_all1000films.htm
113,The Treasure of the Sierra Madre,1948,1940s,I want big adventure,Gold turns adventure into human suspicion.,"adventure, epic, journey, quest, action, escape",Core 500,Yes,6,https://theyshootpictures.com/gf1000_all1000films.htm
114,The Man Who Would Be King,1975,1970s,I want big adventure,Two soldiers chase impossible imperial glory.,"adventure, epic, journey, quest, action, escape",Core 500,Yes,6,https://theyshootpictures.com/gf1000_all1000films.htm
115,King Kong,1933,1930s,I want big adventure,"An expedition finds wonder, terror, spectacle.","adventure, epic, journey, quest, action, escape",Core 500,Yes,6,https://theyshootpictures.com/gf1000_all1000films.htm
116,The Bridge on the River Kwai,1957,1950s,I want big adventure,Pride builds something war should destroy.,"adventure, epic, journey, quest, action, escape",Core 500,Yes,6,https://theyshootpictures.com/gf1000_all1000films.htm
117,The Wild Bunch,1969,1960s,I want big adventure,Aging outlaws ride toward violent change.,"adventure, epic, journey, quest, action, escape",TSPDT Top 100,Yes,6,https://theyshootpictures.com/gf1000_all1000films.htm
118,The Revenant,2015,2010s,I want big adventure,Survival becomes a brutal forward crawl.,"adventure, epic, journey, quest, action, escape",Core 500,Yes,6,https://theyshootpictures.com/gf1000_all1000films.htm
119,The Last of the Mohicans,1992,1990s,I want big adventure,War and love race through wilderness.,"adventure, epic, journey, quest, action, escape",Core 500,Yes,6,https://theyshootpictures.com/gf1000_all1000films.htm
120,The Man Who Shot Liberty Valance,1962,1960s,I want big adventure,A legend hides one uncomfortable truth.,"adventure, epic, journey, quest, action, escape",TSPDT Top 100,Yes,6,https://theyshootpictures.com/gf1000_all1000films.htm
121,The Great Escape,1963,1960s,I want big adventure,Prisoners turn captivity into meticulous adventure.,"adventure, epic, journey, quest, action, escape",Core 500,Yes,6,https://theyshootpictures.com/gf1000_all1000films.htm
122,The Searchers,1956,1950s,I want big adventure,A long pursuit darkens into obsession.,"adventure, epic, journey, quest, action, escape",TSPDT Top 100,Yes,6,https://theyshootpictures.com/gf1000_all1000films.htm
123,The Princess Bride,1987,1980s,I want big adventure,"True love survives wit, danger, swords.","adventure, epic, journey, quest, action, escape",Core 500,Yes,6,https://theyshootpictures.com/gf1000_all1000films.htm
124,"Crouching Tiger, Hidden Dragon",2000,2000s,I want big adventure,Love and duty leap across rooftops.,"adventure, epic, journey, quest, action, escape",Core 500,Yes,6,https://theyshootpictures.com/gf1000_all1000films.htm
125,Once Upon a Time in the West,1968,1960s,I want big adventure,Old violence meets a changing frontier.,"adventure, epic, journey, quest, action, escape",TSPDT Top 100,Yes,6,https://theyshootpictures.com/gf1000_all1000films.htm
126,2001: A Space Odyssey,1968,1960s,I want science-fiction wonder,Humanity stares beyond itself into infinity.,"science fiction, space, future, technology, aliens, awe",TSPDT Top 100,Yes,6,https://theyshootpictures.com/gf1000_all1000films.htm
127,Blade Runner,1982,1980s,I want science-fiction wonder,A future detective questions human boundaries.,"science fiction, space, future, technology, aliens, awe",TSPDT Top 100,Yes,6,https://theyshootpictures.com/gf1000_all1000films.htm
128,Close Encounters of the Third Kind,1977,1970s,I want science-fiction wonder,Ordinary lives answer a cosmic invitation.,"science fiction, space, future, technology, aliens, awe",Core 500,Yes,6,https://theyshootpictures.com/gf1000_all1000films.htm
129,E.T. the Extra-Terrestrial,1982,1980s,I want science-fiction wonder,A lonely child shelters impossible friendship.,"science fiction, space, future, technology, aliens, awe",Core 500,Yes,6,https://theyshootpictures.com/gf1000_all1000films.htm
130,Star Wars,1977,1970s,I want science-fiction wonder,A farm boy enters galactic rebellion.,"science fiction, space, future, technology, aliens, awe",Core 500,Yes,6,https://theyshootpictures.com/gf1000_all1000films.htm
131,The Empire Strikes Back,1980,1980s,I want science-fiction wonder,A rebellion darkens as destinies converge.,"science fiction, space, future, technology, aliens, awe",Core 500,Yes,6,https://theyshootpictures.com/gf1000_all1000films.htm
132,Solaris,1972,1970s,I want science-fiction wonder,"Space confronts memory, grief, and desire.","science fiction, space, future, technology, aliens, awe",Core 500,Yes,6,https://theyshootpictures.com/gf1000_all1000films.htm
133,Arrival,2016,2010s,I want science-fiction wonder,Language becomes humanity's bridge to mystery.,"science fiction, space, future, technology, aliens, awe",Core 500,Yes,6,https://theyshootpictures.com/gf1000_all1000films.htm
134,Interstellar,2014,2010s,I want science-fiction wonder,Love stretches across collapsing time itself.,"science fiction, space, future, technology, aliens, awe",Core 500,Yes,6,https://theyshootpictures.com/gf1000_all1000films.htm
135,Children of Men,2006,2000s,I want science-fiction wonder,Hope appears inside a dying future.,"science fiction, space, future, technology, aliens, awe",Core 500,Yes,6,https://theyshootpictures.com/gf1000_all1000films.htm
136,Metropolis,1927,1920s,I want science-fiction wonder,A divided city dreams of reconciliation.,"science fiction, space, future, technology, aliens, awe",TSPDT Top 100,Yes,6,https://theyshootpictures.com/gf1000_all1000films.htm
137,Her,2013,2010s,I want science-fiction wonder,A lonely man loves an intelligence.,"science fiction, space, future, technology, aliens, awe",Core 500,Yes,6,https://theyshootpictures.com/gf1000_all1000films.htm
138,Ex Machina,2014,2010s,I want science-fiction wonder,A private experiment tests human control.,"science fiction, space, future, technology, aliens, awe",Core 500,Yes,6,https://theyshootpictures.com/gf1000_all1000films.htm
139,Moon,2009,2000s,I want science-fiction wonder,Isolation makes one worker question everything.,"science fiction, space, future, technology, aliens, awe",Core 500,Yes,6,https://theyshootpictures.com/gf1000_all1000films.htm
140,Wall-E,2008,2000s,I want science-fiction wonder,One tiny robot rediscovers human possibility.,"science fiction, space, future, technology, aliens, awe",Core 500,Yes,6,https://theyshootpictures.com/gf1000_all1000films.htm
141,Gattaca,1997,1990s,I want science-fiction wonder,A designed future cannot contain ambition.,"science fiction, space, future, technology, aliens, awe",Core 500,Yes,6,https://theyshootpictures.com/gf1000_all1000films.htm
142,Contact,1997,1990s,I want science-fiction wonder,A scientist receives an impossible invitation.,"science fiction, space, future, technology, aliens, awe",Core 500,Yes,6,https://theyshootpictures.com/gf1000_all1000films.htm
143,District 9,2009,2000s,I want science-fiction wonder,Alien refugees expose familiar human cruelty.,"science fiction, space, future, technology, aliens, awe",Core 500,Yes,6,https://theyshootpictures.com/gf1000_all1000films.htm
144,The Iron Giant,1999,1990s,I want science-fiction wonder,A boy befriends a dangerous visitor.,"science fiction, space, future, technology, aliens, awe",Core 500,Yes,6,https://theyshootpictures.com/gf1000_all1000films.htm
145,Akira,1988,1980s,I want science-fiction wonder,Youth rebellion explodes into psychic catastrophe.,"science fiction, space, future, technology, aliens, awe",Core 500,Yes,6,https://theyshootpictures.com/gf1000_all1000films.htm
146,Ghost in the Shell,1995,1990s,I want science-fiction wonder,A cyborg questions where self begins.,"science fiction, space, future, technology, aliens, awe",Core 500,Yes,6,https://theyshootpictures.com/gf1000_all1000films.htm
147,Dune: Part Two,2024,2020s,I want science-fiction wonder,"Prophecy, revenge, and empire collide spectacularly.","science fiction, space, future, technology, aliens, awe",Core 500,Yes,6,https://theyshootpictures.com/gf1000_all1000films.htm
148,The Martian,2015,2010s,I want science-fiction wonder,One stranded scientist refuses quiet defeat.,"science fiction, space, future, technology, aliens, awe",Core 500,Yes,6,https://theyshootpictures.com/gf1000_all1000films.htm
149,Edge of Tomorrow,2014,2010s,I want science-fiction wonder,A soldier learns war through repetition.,"science fiction, space, future, technology, aliens, awe",Core 500,Yes,6,https://theyshootpictures.com/gf1000_all1000films.htm
150,Everything Everywhere All at Once,2022,2020s,I want science-fiction wonder,One family argument spans infinite possibilities.,"science fiction, space, future, technology, aliens, awe",Core 500,Yes,6,https://theyshootpictures.com/gf1000_all1000films.htm
151,In the Mood for Love,2000,2000s,I want romance without clichés,Two neighbours circle what cannot happen.,"romance, longing, chemistry, complicated love, intimate, desire",TSPDT Top 100,Yes,6,https://theyshootpictures.com/gf1000_all1000films.htm
152,Before Sunrise,1995,1990s,I want romance without clichés,Two strangers borrow one perfect night.,"romance, longing, chemistry, complicated love, intimate, desire",Core 500,Yes,6,https://theyshootpictures.com/gf1000_all1000films.htm
153,Before Sunset,2004,2000s,I want romance without clichés,"Nine years later, possibility returns briefly.","romance, longing, chemistry, complicated love, intimate, desire",Core 500,Yes,6,https://theyshootpictures.com/gf1000_all1000films.htm
154,Before Midnight,2013,2010s,I want romance without clichés,Love survives long enough to argue.,"romance, longing, chemistry, complicated love, intimate, desire",Core 500,Yes,6,https://theyshootpictures.com/gf1000_all1000films.htm
155,Portrait of a Lady on Fire,2019,2010s,I want romance without clichés,Looking becomes the language of desire.,"romance, longing, chemistry, complicated love, intimate, desire",Core 500,Yes,6,https://theyshootpictures.com/gf1000_all1000films.htm
156,Brief Encounter,1945,1940s,I want romance without clichés,Two ordinary lives meet impossible timing.,"romance, longing, chemistry, complicated love, intimate, desire",Core 500,Yes,6,https://theyshootpictures.com/gf1000_all1000films.htm
157,The Apartment,1960,1960s,I want romance without clichés,Lonely colleagues discover unexpected emotional refuge.,"romance, longing, chemistry, complicated love, intimate, desire",TSPDT Top 100,Yes,6,https://theyshootpictures.com/gf1000_all1000films.htm
158,Gertrud,1964,1960s,I want romance without clichés,A woman demands love without compromise.,"romance, longing, chemistry, complicated love, intimate, desire",TSPDT Top 100,Yes,6,https://theyshootpictures.com/gf1000_all1000films.htm
159,L'Atalante,1934,1930s,I want romance without clichés,Newlyweds drift between love and restlessness.,"romance, longing, chemistry, complicated love, intimate, desire",TSPDT Top 100,Yes,6,https://theyshootpictures.com/gf1000_all1000films.htm
160,Chungking Express,1994,1990s,I want romance without clichés,"Two lonely hearts miss, then connect.","romance, longing, chemistry, complicated love, intimate, desire",Core 500,Yes,6,https://theyshootpictures.com/gf1000_all1000films.htm
161,The Umbrellas of Cherbourg,1964,1960s,I want romance without clichés,Young love meets time and circumstance.,"romance, longing, chemistry, complicated love, intimate, desire",Core 500,Yes,6,https://theyshootpictures.com/gf1000_all1000films.htm
162,Roman Holiday,1953,1950s,I want romance without clichés,One stolen day becomes unforgettable intimacy.,"romance, longing, chemistry, complicated love, intimate, desire",Core 500,Yes,6,https://theyshootpictures.com/gf1000_all1000films.htm
163,The Shop Around the Corner,1940,1940s,I want romance without clichés,Two enemies unknowingly fall by letter.,"romance, longing, chemistry, complicated love, intimate, desire",Core 500,Yes,6,https://theyshootpictures.com/gf1000_all1000films.htm
164,Contempt,1963,1960s,I want romance without clichés,Love erodes inside cinema and pride.,"romance, longing, chemistry, complicated love, intimate, desire",TSPDT Top 100,Yes,6,https://theyshootpictures.com/gf1000_all1000films.htm
165,Les Enfants du Paradis,1945,1940s,I want romance without clichés,Love and performance crowd one boulevard.,"romance, longing, chemistry, complicated love, intimate, desire",TSPDT Top 100,Yes,6,https://theyshootpictures.com/gf1000_all1000films.htm
166,A Matter of Life and Death,1946,1940s,I want romance without clichés,Love argues its case against eternity.,"romance, longing, chemistry, complicated love, intimate, desire",Core 500,Yes,6,https://theyshootpictures.com/gf1000_all1000films.htm
167,The Piano,1993,1990s,I want romance without clichés,Desire finds a language beyond speech.,"romance, longing, chemistry, complicated love, intimate, desire",Core 500,Yes,6,https://theyshootpictures.com/gf1000_all1000films.htm
168,Breathless,1960,1960s,I want romance without clichés,Young lovers run through reckless freedom.,"romance, longing, chemistry, complicated love, intimate, desire",TSPDT Top 100,Yes,6,https://theyshootpictures.com/gf1000_all1000films.htm
169,Phantom Thread,2017,2010s,I want romance without clichés,"Love becomes ritual, control, and surrender.","romance, longing, chemistry, complicated love, intimate, desire",Core 500,Yes,6,https://theyshootpictures.com/gf1000_all1000films.htm
170,Happy Together,1997,1990s,I want romance without clichés,A broken couple keeps circling home.,"romance, longing, chemistry, complicated love, intimate, desire",Core 500,Yes,6,https://theyshootpictures.com/gf1000_all1000films.htm
171,Sunrise: A Song of Two Humans,1927,1920s,I want romance without clichés,A marriage crosses darkness toward tenderness.,"romance, longing, chemistry, complicated love, intimate, desire",TSPDT Top 100,Yes,6,https://theyshootpictures.com/gf1000_all1000films.htm
172,The Handmaiden,2016,2010s,I want romance without clichés,Deception unexpectedly creates a private freedom.,"romance, longing, chemistry, complicated love, intimate, desire",Core 500,Yes,6,https://theyshootpictures.com/gf1000_all1000films.htm
173,Ali: Fear Eats the Soul,1974,1970s,I want romance without clichés,Tender love confronts casual public cruelty.,"romance, longing, chemistry, complicated love, intimate, desire",Core 500,Yes,6,https://theyshootpictures.com/gf1000_all1000films.htm
174,Casablanca,1942,1940s,I want romance without clichés,Old love returns inside wartime choices.,"romance, longing, chemistry, complicated love, intimate, desire",TSPDT Top 100,Yes,6,https://theyshootpictures.com/gf1000_all1000films.htm
175,Journey to Italy,1954,1950s,I want romance without clichés,A marriage wanders through unfamiliar ground.,"romance, longing, chemistry, complicated love, intimate, desire",TSPDT Top 100,Yes,6,https://theyshootpictures.com/gf1000_all1000films.htm
176,Tokyo Story,1953,1950s,I want heartbreak,Parents visit children who barely notice.,"sad, cry, grief, loss, devastating, emotional",TSPDT Top 100,Yes,6,https://theyshootpictures.com/gf1000_all1000films.htm
177,Grave of the Fireflies,1988,1980s,I want heartbreak,Two siblings endure war without shelter.,"sad, cry, grief, loss, devastating, emotional",Core 500,Yes,6,https://theyshootpictures.com/gf1000_all1000films.htm
178,Bicycle Thieves,1948,1940s,I want heartbreak,One stolen bicycle breaks quiet dignity.,"sad, cry, grief, loss, devastating, emotional",TSPDT Top 100,Yes,6,https://theyshootpictures.com/gf1000_all1000films.htm
179,Manchester by the Sea,2016,2010s,I want heartbreak,Grief makes returning home almost impossible.,"sad, cry, grief, loss, devastating, emotional",Core 500,Yes,6,https://theyshootpictures.com/gf1000_all1000films.htm
180,Blue Valentine,2010,2010s,I want heartbreak,A marriage remembers how love changed.,"sad, cry, grief, loss, devastating, emotional",Core 500,Yes,6,https://theyshootpictures.com/gf1000_all1000films.htm
181,Aftersun,2022,2020s,I want heartbreak,A daughter revisits one fragile holiday.,"sad, cry, grief, loss, devastating, emotional",Core 500,Yes,6,https://theyshootpictures.com/gf1000_all1000films.htm
182,Amour,2012,2010s,I want heartbreak,Devotion endures where bodies cannot anymore.,"sad, cry, grief, loss, devastating, emotional",Core 500,Yes,6,https://theyshootpictures.com/gf1000_all1000films.htm
183,Make Way for Tomorrow,1937,1930s,I want heartbreak,Aging parents become inconvenient to family.,"sad, cry, grief, loss, devastating, emotional",Core 500,Yes,6,https://theyshootpictures.com/gf1000_all1000films.htm
184,The Elephant Man,1980,1980s,I want heartbreak,Kindness reaches someone denied ordinary dignity.,"sad, cry, grief, loss, devastating, emotional",Core 500,Yes,6,https://theyshootpictures.com/gf1000_all1000films.htm
185,Umberto D.,1952,1950s,I want heartbreak,An old man faces quiet abandonment.,"sad, cry, grief, loss, devastating, emotional",Core 500,Yes,6,https://theyshootpictures.com/gf1000_all1000films.htm
186,Au Hasard Balthazar,1966,1960s,I want heartbreak,A gentle animal witnesses human cruelty.,"sad, cry, grief, loss, devastating, emotional",TSPDT Top 100,Yes,6,https://theyshootpictures.com/gf1000_all1000films.htm
187,Dancer in the Dark,2000,2000s,I want heartbreak,A mother's hope meets merciless circumstance.,"sad, cry, grief, loss, devastating, emotional",Core 500,Yes,6,https://theyshootpictures.com/gf1000_all1000films.htm
188,Breaking the Waves,1996,1990s,I want heartbreak,Devotion becomes sacrifice beyond sane limits.,"sad, cry, grief, loss, devastating, emotional",Core 500,Yes,6,https://theyshootpictures.com/gf1000_all1000films.htm
189,The Deer Hunter,1978,1970s,I want heartbreak,War follows friends back into silence.,"sad, cry, grief, loss, devastating, emotional",Core 500,Yes,6,https://theyshootpictures.com/gf1000_all1000films.htm
190,The Remains of the Day,1993,1990s,I want heartbreak,Duty consumes the life it protected.,"sad, cry, grief, loss, devastating, emotional",Core 500,Yes,6,https://theyshootpictures.com/gf1000_all1000films.htm
191,Sansho the Bailiff,1954,1950s,I want heartbreak,A family is scattered by cruelty.,"sad, cry, grief, loss, devastating, emotional",TSPDT Top 100,Yes,6,https://theyshootpictures.com/gf1000_all1000films.htm
192,La Strada,1954,1950s,I want heartbreak,A fragile performer travels beside cruelty.,"sad, cry, grief, loss, devastating, emotional",TSPDT Top 100,Yes,6,https://theyshootpictures.com/gf1000_all1000films.htm
193,Ordinary People,1980,1980s,I want heartbreak,A family survives one unbearable absence.,"sad, cry, grief, loss, devastating, emotional",Core 500,Yes,6,https://theyshootpictures.com/gf1000_all1000films.htm
194,Secrets & Lies,1996,1990s,I want heartbreak,A reunion opens years of hurt.,"sad, cry, grief, loss, devastating, emotional",Core 500,Yes,6,https://theyshootpictures.com/gf1000_all1000films.htm
195,Atonement,2007,2000s,I want heartbreak,One mistake keeps rewriting several lives.,"sad, cry, grief, loss, devastating, emotional",Core 500,Yes,6,https://theyshootpictures.com/gf1000_all1000films.htm
196,The Wrestler,2008,2000s,I want heartbreak,An aging performer cannot leave applause.,"sad, cry, grief, loss, devastating, emotional",Core 500,Yes,6,https://theyshootpictures.com/gf1000_all1000films.htm
197,Brokeback Mountain,2005,2000s,I want heartbreak,Love survives years it cannot claim.,"sad, cry, grief, loss, devastating, emotional",Core 500,Yes,6,https://theyshootpictures.com/gf1000_all1000films.htm
198,The Florida Project,2017,2010s,I want heartbreak,Childhood glows beside adult precarity daily.,"sad, cry, grief, loss, devastating, emotional",Core 500,Yes,6,https://theyshootpictures.com/gf1000_all1000films.htm
199,Ikiru,1952,1950s,I want heartbreak,A dying man chooses meaningful action.,"sad, cry, grief, loss, devastating, emotional",Core 500,Yes,6,https://theyshootpictures.com/gf1000_all1000films.htm
200,The Last Picture Show,1971,1970s,I want heartbreak,Growing up means watching things disappear.,"sad, cry, grief, loss, devastating, emotional",Core 500,Yes,6,https://theyshootpictures.com/gf1000_all1000films.htm
201,It's a Wonderful Life,1946,1940s,I want something warm,One life quietly touches countless others.,"warm, comforting, hopeful, kind, gentle, wholesome",TSPDT Top 100,Yes,6,https://theyshootpictures.com/gf1000_all1000films.htm
202,Paddington 2,2017,2010s,I want something warm,Kindness changes everyone around one bear.,"warm, comforting, hopeful, kind, gentle, wholesome",Core 500,Yes,6,https://theyshootpictures.com/gf1000_all1000films.htm
203,My Neighbour Totoro,1988,1980s,I want something warm,Childhood wonder softens an uncertain summer.,"warm, comforting, hopeful, kind, gentle, wholesome",Core 500,Yes,6,https://theyshootpictures.com/gf1000_all1000films.htm
204,Cinema Paradiso,1988,1980s,I want something warm,"Movies become memory, home, and goodbye.","warm, comforting, hopeful, kind, gentle, wholesome",Core 500,Yes,6,https://theyshootpictures.com/gf1000_all1000films.htm
205,The Straight Story,1999,1990s,I want something warm,An old man crosses distance gently.,"warm, comforting, hopeful, kind, gentle, wholesome",Core 500,Yes,6,https://theyshootpictures.com/gf1000_all1000films.htm
206,Local Hero,1983,1980s,I want something warm,A business trip becomes unexpected belonging.,"warm, comforting, hopeful, kind, gentle, wholesome",Core 500,Yes,6,https://theyshootpictures.com/gf1000_all1000films.htm
207,The Station Agent,2003,2000s,I want something warm,Three lonely people slowly make room.,"warm, comforting, hopeful, kind, gentle, wholesome",Core 500,Yes,6,https://theyshootpictures.com/gf1000_all1000films.htm
208,Little Miss Sunshine,2006,2000s,I want something warm,A messy family chooses showing up.,"warm, comforting, hopeful, kind, gentle, wholesome",Core 500,Yes,6,https://theyshootpictures.com/gf1000_all1000films.htm
209,About Time,2013,2010s,I want something warm,Time travel reveals ordinary life's value.,"warm, comforting, hopeful, kind, gentle, wholesome",Core 500,Yes,6,https://theyshootpictures.com/gf1000_all1000films.htm
210,The Holdovers,2023,2020s,I want something warm,Three stranded people create temporary family.,"warm, comforting, hopeful, kind, gentle, wholesome",Core 500,Yes,6,https://theyshootpictures.com/gf1000_all1000films.htm
211,Kiki's Delivery Service,1989,1980s,I want something warm,A young witch learns independent confidence.,"warm, comforting, hopeful, kind, gentle, wholesome",Core 500,Yes,6,https://theyshootpictures.com/gf1000_all1000films.htm
212,Sing Street,2016,2010s,I want something warm,Teenagers build a band toward possibility.,"warm, comforting, hopeful, kind, gentle, wholesome",Core 500,Yes,6,https://theyshootpictures.com/gf1000_all1000films.htm
213,The Gold Rush,1925,1920s,I want something warm,"Hardship becomes romance, hunger, and grace.","warm, comforting, hopeful, kind, gentle, wholesome",TSPDT Top 100,Yes,6,https://theyshootpictures.com/gf1000_all1000films.htm
214,Hunt for the Wilderpeople,2016,2010s,I want something warm,Two outsiders become an unlikely team.,"warm, comforting, hopeful, kind, gentle, wholesome",Core 500,Yes,6,https://theyshootpictures.com/gf1000_all1000films.htm
215,The Peanut Butter Falcon,2019,2010s,I want something warm,A runaway journey becomes chosen family.,"warm, comforting, hopeful, kind, gentle, wholesome",Core 500,Yes,6,https://theyshootpictures.com/gf1000_all1000films.htm
216,Marcel the Shell with Shoes On,2021,2020s,I want something warm,A tiny life holds enormous tenderness.,"warm, comforting, hopeful, kind, gentle, wholesome",Core 500,Yes,6,https://theyshootpictures.com/gf1000_all1000films.htm
217,The Farewell,2019,2010s,I want something warm,A family hides grief inside togetherness.,"warm, comforting, hopeful, kind, gentle, wholesome",Core 500,Yes,6,https://theyshootpictures.com/gf1000_all1000films.htm
218,The Quiet Girl,2022,2020s,I want something warm,A neglected child discovers gentle attention.,"warm, comforting, hopeful, kind, gentle, wholesome",Core 500,Yes,6,https://theyshootpictures.com/gf1000_all1000films.htm
219,Won't You Be My Neighbor?,2018,2010s,I want something warm,Radical kindness proves anything but simple.,"warm, comforting, hopeful, kind, gentle, wholesome",Core 500,Yes,6,https://theyshootpictures.com/gf1000_all1000films.htm
220,Harvey,1950,1950s,I want something warm,A gentle eccentric unsettles practical people.,"warm, comforting, hopeful, kind, gentle, wholesome",Core 500,Yes,6,https://theyshootpictures.com/gf1000_all1000films.htm
221,City Lights,1931,1930s,I want something warm,A tramp gives kindness without recognition.,"warm, comforting, hopeful, kind, gentle, wholesome",TSPDT Top 100,Yes,6,https://theyshootpictures.com/gf1000_all1000films.htm
222,Babette's Feast,1987,1980s,I want something warm,One extraordinary meal quietly transforms community.,"warm, comforting, hopeful, kind, gentle, wholesome",Core 500,Yes,6,https://theyshootpictures.com/gf1000_all1000films.htm
223,The Taste of Things,2023,2020s,I want something warm,Cooking becomes love expressed without declaration.,"warm, comforting, hopeful, kind, gentle, wholesome",Core 500,Yes,6,https://theyshootpictures.com/gf1000_all1000films.htm
224,Good Morning,1959,1950s,I want something warm,Children challenge adults with comic persistence.,"warm, comforting, hopeful, kind, gentle, wholesome",Core 500,Yes,6,https://theyshootpictures.com/gf1000_all1000films.htm
225,The Best Years of Our Lives,1946,1940s,I want something warm,Returning veterans relearn ordinary life together.,"warm, comforting, hopeful, kind, gentle, wholesome",Core 500,Yes,6,https://theyshootpictures.com/gf1000_all1000films.htm
226,Some Like It Hot,1959,1950s,I want to laugh,Two musicians hide inside escalating chaos.,"funny, comedy, witty, silly, playful, feel good",TSPDT Top 100,Yes,6,https://theyshootpictures.com/gf1000_all1000films.htm
227,Airplane!,1980,1980s,I want to laugh,Every disaster becomes another perfect joke.,"funny, comedy, witty, silly, playful, feel good",Core 500,Yes,6,https://theyshootpictures.com/gf1000_all1000films.htm
228,Monty Python and the Holy Grail,1975,1970s,I want to laugh,Knights pursue glory through complete nonsense.,"funny, comedy, witty, silly, playful, feel good",Core 500,Yes,6,https://theyshootpictures.com/gf1000_all1000films.htm
229,The Big Lebowski,1998,1990s,I want to laugh,One stolen rug causes magnificent confusion.,"funny, comedy, witty, silly, playful, feel good",Core 500,Yes,6,https://theyshootpictures.com/gf1000_all1000films.htm
230,Groundhog Day,1993,1990s,I want to laugh,An arrogant weatherman repeats himself better.,"funny, comedy, witty, silly, playful, feel good",Core 500,Yes,6,https://theyshootpictures.com/gf1000_all1000films.htm
231,Bringing Up Baby,1938,1930s,I want to laugh,A leopard turns romance into catastrophe.,"funny, comedy, witty, silly, playful, feel good",Core 500,Yes,6,https://theyshootpictures.com/gf1000_all1000films.htm
232,Duck Soup,1933,1930s,I want to laugh,"Politics becomes pure, weaponised comic absurdity.","funny, comedy, witty, silly, playful, feel good",Core 500,Yes,6,https://theyshootpictures.com/gf1000_all1000films.htm
233,His Girl Friday,1940,1940s,I want to laugh,Fast talk keeps love dangerously competitive.,"funny, comedy, witty, silly, playful, feel good",Core 500,Yes,6,https://theyshootpictures.com/gf1000_all1000films.htm
234,The Philadelphia Story,1940,1940s,I want to laugh,A wedding attracts every wrong person.,"funny, comedy, witty, silly, playful, feel good",Core 500,Yes,6,https://theyshootpictures.com/gf1000_all1000films.htm
235,The Lady Eve,1941,1940s,I want to laugh,A con artist complicates accidental romance.,"funny, comedy, witty, silly, playful, feel good",Core 500,Yes,6,https://theyshootpictures.com/gf1000_all1000films.htm
236,To Be or Not to Be,1942,1940s,I want to laugh,Actors weaponise performance against dangerous fascists.,"funny, comedy, witty, silly, playful, feel good",TSPDT Top 100,Yes,6,https://theyshootpictures.com/gf1000_all1000films.htm
237,Sherlock Jr.,1924,1920s,I want to laugh,A projectionist dreams himself into adventure.,"funny, comedy, witty, silly, playful, feel good",Core 500,Yes,6,https://theyshootpictures.com/gf1000_all1000films.htm
238,The General,1926,1920s,I want to laugh,A train chase becomes comic precision.,"funny, comedy, witty, silly, playful, feel good",TSPDT Top 100,Yes,6,https://theyshootpictures.com/gf1000_all1000films.htm
239,Modern Times,1936,1930s,I want to laugh,A worker fights machines with grace.,"funny, comedy, witty, silly, playful, feel good",TSPDT Top 100,Yes,6,https://theyshootpictures.com/gf1000_all1000films.htm
240,Playtime,1967,1960s,I want to laugh,Modern life becomes elegant visual chaos.,"funny, comedy, witty, silly, playful, feel good",TSPDT Top 100,Yes,6,https://theyshootpictures.com/gf1000_all1000films.htm
241,Mon Oncle,1958,1950s,I want to laugh,Technology makes ordinary family life ridiculous.,"funny, comedy, witty, silly, playful, feel good",Core 500,Yes,6,https://theyshootpictures.com/gf1000_all1000films.htm
242,This Is Spinal Tap,1984,1980s,I want to laugh,A rock band survives its incompetence.,"funny, comedy, witty, silly, playful, feel good",Core 500,Yes,6,https://theyshootpictures.com/gf1000_all1000films.htm
243,Best in Show,2000,2000s,I want to laugh,Dog people reveal glorious human absurdity.,"funny, comedy, witty, silly, playful, feel good",Core 500,Yes,6,https://theyshootpictures.com/gf1000_all1000films.htm
244,The Producers,1967,1960s,I want to laugh,A terrible musical becomes inconveniently successful.,"funny, comedy, witty, silly, playful, feel good",Core 500,Yes,6,https://theyshootpictures.com/gf1000_all1000films.htm
245,Young Frankenstein,1974,1970s,I want to laugh,"Classic horror gets lovingly, relentlessly silly.","funny, comedy, witty, silly, playful, feel good",Core 500,Yes,6,https://theyshootpictures.com/gf1000_all1000films.htm
246,The Naked Gun,1988,1980s,I want to laugh,A clueless detective somehow saves everything.,"funny, comedy, witty, silly, playful, feel good",Core 500,Yes,6,https://theyshootpictures.com/gf1000_all1000films.htm
247,Clueless,1995,1990s,I want to laugh,A confident matchmaker misunderstands her heart.,"funny, comedy, witty, silly, playful, feel good",Core 500,Yes,6,https://theyshootpictures.com/gf1000_all1000films.htm
248,Mean Girls,2004,2000s,I want to laugh,High school politics become sharp comedy.,"funny, comedy, witty, silly, playful, feel good",Core 500,Yes,6,https://theyshootpictures.com/gf1000_all1000films.htm
249,Booksmart,2019,2010s,I want to laugh,Two achievers attempt one wild night.,"funny, comedy, witty, silly, playful, feel good",Core 500,Yes,6,https://theyshootpictures.com/gf1000_all1000films.htm
250,What We Do in the Shadows,2014,2010s,I want to laugh,Vampire flatmates struggle with ordinary chores.,"funny, comedy, witty, silly, playful, feel good",Core 500,Yes,6,https://theyshootpictures.com/gf1000_all1000films.htm
251,Dr. Strangelove,1964,1960s,I want dark comedy,Nuclear annihilation meets terrifying human stupidity.,"dark comedy, satire, cynical, awkward, absurd, uncomfortable",TSPDT Top 100,Yes,6,https://theyshootpictures.com/gf1000_all1000films.htm
252,Fargo,1996,1990s,I want dark comedy,A small crime grows absurdly lethal.,"dark comedy, satire, cynical, awkward, absurd, uncomfortable",Core 500,Yes,6,https://theyshootpictures.com/gf1000_all1000films.htm
253,Parasite,2019,2010s,I want dark comedy,Class resentment enters through one household.,"dark comedy, satire, cynical, awkward, absurd, uncomfortable",Core 500,Yes,6,https://theyshootpictures.com/gf1000_all1000films.htm
254,Network,1976,1970s,I want dark comedy,Television discovers rage is excellent business.,"dark comedy, satire, cynical, awkward, absurd, uncomfortable",Core 500,Yes,6,https://theyshootpictures.com/gf1000_all1000films.htm
255,The Death of Stalin,2017,2010s,I want dark comedy,Political terror becomes vicious workplace comedy.,"dark comedy, satire, cynical, awkward, absurd, uncomfortable",Core 500,Yes,6,https://theyshootpictures.com/gf1000_all1000films.htm
256,In Bruges,2008,2000s,I want dark comedy,"Two hitmen wait, regret, and bicker.","dark comedy, satire, cynical, awkward, absurd, uncomfortable",Core 500,Yes,6,https://theyshootpictures.com/gf1000_all1000films.htm
257,The Favourite,2018,2010s,I want dark comedy,Courtly affection becomes strategic emotional warfare.,"dark comedy, satire, cynical, awkward, absurd, uncomfortable",Core 500,Yes,6,https://theyshootpictures.com/gf1000_all1000films.htm
258,Triangle of Sadness,2022,2020s,I want dark comedy,Luxury collapses into grotesque social reversal.,"dark comedy, satire, cynical, awkward, absurd, uncomfortable",Core 500,Yes,6,https://theyshootpictures.com/gf1000_all1000films.htm
259,Four Lions,2010,2010s,I want dark comedy,"Fanatic incompetence becomes painfully, dangerously funny.","dark comedy, satire, cynical, awkward, absurd, uncomfortable",Core 500,Yes,6,https://theyshootpictures.com/gf1000_all1000films.htm
260,Burn After Reading,2008,2000s,I want dark comedy,Idiots mistake nonsense for dangerous intelligence.,"dark comedy, satire, cynical, awkward, absurd, uncomfortable",Core 500,Yes,6,https://theyshootpictures.com/gf1000_all1000films.htm
261,Kind Hearts and Coronets,1949,1940s,I want dark comedy,An heir politely murders toward inheritance.,"dark comedy, satire, cynical, awkward, absurd, uncomfortable",Core 500,Yes,6,https://theyshootpictures.com/gf1000_all1000films.htm
262,The Discreet Charm of the Bourgeoisie,1972,1970s,I want dark comedy,Dinner keeps failing for stranger reasons.,"dark comedy, satire, cynical, awkward, absurd, uncomfortable",Core 500,Yes,6,https://theyshootpictures.com/gf1000_all1000films.htm
263,The King of Comedy,1982,1980s,I want dark comedy,Fame obsession wears a cheerful face.,"dark comedy, satire, cynical, awkward, absurd, uncomfortable",Core 500,Yes,6,https://theyshootpictures.com/gf1000_all1000films.htm
264,Election,1999,1990s,I want dark comedy,A school campaign reveals adult ruthlessness.,"dark comedy, satire, cynical, awkward, absurd, uncomfortable",Core 500,Yes,6,https://theyshootpictures.com/gf1000_all1000films.htm
265,Heathers,1988,1980s,I want dark comedy,Teen cruelty escalates into deadly satire.,"dark comedy, satire, cynical, awkward, absurd, uncomfortable",Core 500,Yes,6,https://theyshootpictures.com/gf1000_all1000films.htm
266,American Psycho,2000,2000s,I want dark comedy,Perfect surfaces hide emptiness and violence.,"dark comedy, satire, cynical, awkward, absurd, uncomfortable",Core 500,Yes,6,https://theyshootpictures.com/gf1000_all1000films.htm
267,The Menu,2022,2020s,I want dark comedy,Fine dining turns into social punishment.,"dark comedy, satire, cynical, awkward, absurd, uncomfortable",Core 500,Yes,6,https://theyshootpictures.com/gf1000_all1000films.htm
268,A Serious Man,2009,2000s,I want dark comedy,One man's life collapses with precision.,"dark comedy, satire, cynical, awkward, absurd, uncomfortable",Core 500,Yes,6,https://theyshootpictures.com/gf1000_all1000films.htm
269,Wild Tales,2014,2010s,I want dark comedy,Ordinary frustrations explode into comic revenge.,"dark comedy, satire, cynical, awkward, absurd, uncomfortable",Core 500,Yes,6,https://theyshootpictures.com/gf1000_all1000films.htm
270,The Square,2017,2010s,I want dark comedy,Good intentions crumble under public discomfort.,"dark comedy, satire, cynical, awkward, absurd, uncomfortable",Core 500,Yes,6,https://theyshootpictures.com/gf1000_all1000films.htm
271,The Rules of the Game,1939,1930s,I want dark comedy,"A weekend exposes class, desire, hypocrisy.","dark comedy, satire, cynical, awkward, absurd, uncomfortable",TSPDT Top 100,Yes,6,https://theyshootpictures.com/gf1000_all1000films.htm
272,Force Majeure,2014,2010s,I want dark comedy,One reflex quietly destroys family mythology.,"dark comedy, satire, cynical, awkward, absurd, uncomfortable",Core 500,Yes,6,https://theyshootpictures.com/gf1000_all1000films.htm
273,Happiness,1998,1990s,I want dark comedy,Suburban lives expose profoundly uncomfortable desires.,"dark comedy, satire, cynical, awkward, absurd, uncomfortable",Core 500,Yes,6,https://theyshootpictures.com/gf1000_all1000films.htm
274,The Player,1992,1990s,I want dark comedy,Hollywood murder becomes another career move.,"dark comedy, satire, cynical, awkward, absurd, uncomfortable",Core 500,Yes,6,https://theyshootpictures.com/gf1000_all1000films.htm
275,Delicatessen,1991,1990s,I want dark comedy,A strange building survives darker appetites.,"dark comedy, satire, cynical, awkward, absurd, uncomfortable",Core 500,Yes,6,https://theyshootpictures.com/gf1000_all1000films.htm
276,The 400 Blows,1959,1950s,I want coming-of-age,A restless boy outruns adult expectations.,"coming of age, youth, adolescence, school, first love, growing up",TSPDT Top 100,Yes,6,https://theyshootpictures.com/gf1000_all1000films.htm
277,Lady Bird,2017,2010s,I want coming-of-age,A teenager fights home while leaving.,"coming of age, youth, adolescence, school, first love, growing up",Core 500,Yes,6,https://theyshootpictures.com/gf1000_all1000films.htm
278,Moonlight,2016,2010s,I want coming-of-age,A boy becomes himself across years.,"coming of age, youth, adolescence, school, first love, growing up",Core 500,Yes,6,https://theyshootpictures.com/gf1000_all1000films.htm
279,Boyhood,2014,2010s,I want coming-of-age,Ordinary years quietly shape one life.,"coming of age, youth, adolescence, school, first love, growing up",Core 500,Yes,6,https://theyshootpictures.com/gf1000_all1000films.htm
280,Stand by Me,1986,1980s,I want coming-of-age,Four boys walk toward irreversible knowledge.,"coming of age, youth, adolescence, school, first love, growing up",Core 500,Yes,6,https://theyshootpictures.com/gf1000_all1000films.htm
281,The Spirit of the Beehive,1973,1970s,I want coming-of-age,A child discovers mystery inside reality.,"coming of age, youth, adolescence, school, first love, growing up",Core 500,Yes,6,https://theyshootpictures.com/gf1000_all1000films.htm
282,Kes,1969,1960s,I want coming-of-age,A neglected boy finds private freedom.,"coming of age, youth, adolescence, school, first love, growing up",Core 500,Yes,6,https://theyshootpictures.com/gf1000_all1000films.htm
283,A Brighter Summer Day,1991,1990s,I want coming-of-age,Youth searches for identity amid violence.,"coming of age, youth, adolescence, school, first love, growing up",Core 500,Yes,6,https://theyshootpictures.com/gf1000_all1000films.htm
284,The World of Apu,1959,1950s,I want coming-of-age,Loss and responsibility reshape young adulthood.,"coming of age, youth, adolescence, school, first love, growing up",Core 500,Yes,6,https://theyshootpictures.com/gf1000_all1000films.htm
285,Y Tu Mamá También,2001,2000s,I want coming-of-age,A road trip dismantles youthful certainty.,"coming of age, youth, adolescence, school, first love, growing up",Core 500,Yes,6,https://theyshootpictures.com/gf1000_all1000films.htm
286,The Graduate,1967,1960s,I want coming-of-age,Adulthood arrives without useful instructions anywhere.,"coming of age, youth, adolescence, school, first love, growing up",Core 500,Yes,6,https://theyshootpictures.com/gf1000_all1000films.htm
287,Call Me by Your Name,2017,2010s,I want coming-of-age,First love changes one unforgettable summer.,"coming of age, youth, adolescence, school, first love, growing up",Core 500,Yes,6,https://theyshootpictures.com/gf1000_all1000films.htm
288,The Last Black Man in San Francisco,2019,2010s,I want coming-of-age,Belonging changes when home becomes memory.,"coming of age, youth, adolescence, school, first love, growing up",Core 500,Yes,6,https://theyshootpictures.com/gf1000_all1000films.htm
289,Eighth Grade,2018,2010s,I want coming-of-age,A shy teenager performs confidence online.,"coming of age, youth, adolescence, school, first love, growing up",Core 500,Yes,6,https://theyshootpictures.com/gf1000_all1000films.htm
290,Almost Famous,2000,2000s,I want coming-of-age,A young writer enters rock mythology.,"coming of age, youth, adolescence, school, first love, growing up",Core 500,Yes,6,https://theyshootpictures.com/gf1000_all1000films.htm
291,Fish Tank,2009,2000s,I want coming-of-age,A restless girl seeks escape nearby.,"coming of age, youth, adolescence, school, first love, growing up",Core 500,Yes,6,https://theyshootpictures.com/gf1000_all1000films.htm
292,Ratcatcher,1999,1990s,I want coming-of-age,"A boy drifts through guilt, longing.","coming of age, youth, adolescence, school, first love, growing up",Core 500,Yes,6,https://theyshootpictures.com/gf1000_all1000films.htm
293,The Breakfast Club,1985,1980s,I want coming-of-age,Five teenagers outgrow labels for hours.,"coming of age, youth, adolescence, school, first love, growing up",Core 500,Yes,6,https://theyshootpictures.com/gf1000_all1000films.htm
294,Rushmore,1998,1990s,I want coming-of-age,A teenager mistakes obsession for maturity.,"coming of age, youth, adolescence, school, first love, growing up",Core 500,Yes,6,https://theyshootpictures.com/gf1000_all1000films.htm
295,Pather Panchali,1955,1950s,I want coming-of-age,Childhood unfolds amid poverty and wonder.,"coming of age, youth, adolescence, school, first love, growing up",TSPDT Top 100,Yes,6,https://theyshootpictures.com/gf1000_all1000films.htm
296,Mustang,2015,2010s,I want coming-of-age,Five sisters resist shrinking social freedom.,"coming of age, youth, adolescence, school, first love, growing up",Core 500,Yes,6,https://theyshootpictures.com/gf1000_all1000films.htm
297,Billy Elliot,2000,2000s,I want coming-of-age,A boy dances beyond inherited expectations.,"coming of age, youth, adolescence, school, first love, growing up",Core 500,Yes,6,https://theyshootpictures.com/gf1000_all1000films.htm
298,Amarcord,1973,1970s,I want coming-of-age,Memory turns adolescence into comic mythology.,"coming of age, youth, adolescence, school, first love, growing up",TSPDT Top 100,Yes,6,https://theyshootpictures.com/gf1000_all1000films.htm
299,The Virgin Suicides,1999,1990s,I want coming-of-age,Memory turns adolescence into haunting myth.,"coming of age, youth, adolescence, school, first love, growing up",Core 500,Yes,6,https://theyshootpictures.com/gf1000_all1000films.htm
300,Dazed and Confused,1993,1990s,I want coming-of-age,One summer night stretches before adulthood.,"coming of age, youth, adolescence, school, first love, growing up",Core 500,Yes,6,https://theyshootpictures.com/gf1000_all1000films.htm
301,The Godfather,1972,1970s,I want family drama,Family loyalty becomes an inherited burden.,"family, parents, siblings, marriage, home, generational",TSPDT Top 100,Yes,6,https://theyshootpictures.com/gf1000_all1000films.htm
302,The Godfather Part II,1974,1970s,I want family drama,Power expands while family bonds decay.,"family, parents, siblings, marriage, home, generational",TSPDT Top 100,Yes,6,https://theyshootpictures.com/gf1000_all1000films.htm
303,Fanny and Alexander,1982,1980s,I want family drama,Childhood survives a family's shifting shadows.,"family, parents, siblings, marriage, home, generational",TSPDT Top 100,Yes,6,https://theyshootpictures.com/gf1000_all1000films.htm
304,Yi Yi,2000,2000s,I want family drama,One family quietly contains whole lives.,"family, parents, siblings, marriage, home, generational",Core 500,Yes,6,https://theyshootpictures.com/gf1000_all1000films.htm
305,A Separation,2011,2010s,I want family drama,One marriage fractures many moral certainties.,"family, parents, siblings, marriage, home, generational",Core 500,Yes,6,https://theyshootpictures.com/gf1000_all1000films.htm
306,Autumn Sonata,1978,1970s,I want family drama,A mother and daughter finally collide.,"family, parents, siblings, marriage, home, generational",Core 500,Yes,6,https://theyshootpictures.com/gf1000_all1000films.htm
307,Kramer vs. Kramer,1979,1970s,I want family drama,A broken marriage redraws parenthood daily.,"family, parents, siblings, marriage, home, generational",Core 500,Yes,6,https://theyshootpictures.com/gf1000_all1000films.htm
308,A Woman Under the Influence,1974,1970s,I want family drama,Love strains beneath impossible domestic expectations.,"family, parents, siblings, marriage, home, generational",TSPDT Top 100,Yes,6,https://theyshootpictures.com/gf1000_all1000films.htm
309,Minari,2020,2020s,I want family drama,A family plants hope in uncertainty.,"family, parents, siblings, marriage, home, generational",Core 500,Yes,6,https://theyshootpictures.com/gf1000_all1000films.htm
310,Tokyo Sonata,2008,2000s,I want family drama,A family hides collapse behind routine.,"family, parents, siblings, marriage, home, generational",Core 500,Yes,6,https://theyshootpictures.com/gf1000_all1000films.htm
311,Roma,2018,2010s,I want family drama,One household changes around quiet devotion.,"family, parents, siblings, marriage, home, generational",Core 500,Yes,6,https://theyshootpictures.com/gf1000_all1000films.htm
312,Terms of Endearment,1983,1980s,I want family drama,Love and irritation survive everything together.,"family, parents, siblings, marriage, home, generational",Core 500,Yes,6,https://theyshootpictures.com/gf1000_all1000films.htm
313,The Royal Tenenbaums,2001,2000s,I want family drama,A damaged family stages awkward reunion.,"family, parents, siblings, marriage, home, generational",Core 500,Yes,6,https://theyshootpictures.com/gf1000_all1000films.htm
314,Marriage Story,2019,2010s,I want family drama,Love remains while a marriage ends.,"family, parents, siblings, marriage, home, generational",Core 500,Yes,6,https://theyshootpictures.com/gf1000_all1000films.htm
315,The Squid and the Whale,2005,2000s,I want family drama,Parents separate; children absorb the fallout.,"family, parents, siblings, marriage, home, generational",Core 500,Yes,6,https://theyshootpictures.com/gf1000_all1000films.htm
316,The Magnificent Ambersons,1942,1940s,I want family drama,A proud family watches fortune vanish.,"family, parents, siblings, marriage, home, generational",TSPDT Top 100,Yes,6,https://theyshootpictures.com/gf1000_all1000films.htm
317,The Ice Storm,1997,1990s,I want family drama,Two families drift through emotional coldness.,"family, parents, siblings, marriage, home, generational",Core 500,Yes,6,https://theyshootpictures.com/gf1000_all1000films.htm
318,Shoplifters,2018,2010s,I want family drama,A chosen family survives by improvising.,"family, parents, siblings, marriage, home, generational",Core 500,Yes,6,https://theyshootpictures.com/gf1000_all1000films.htm
319,Still Walking,2008,2000s,I want family drama,A family reunion carries old resentments.,"family, parents, siblings, marriage, home, generational",Core 500,Yes,6,https://theyshootpictures.com/gf1000_all1000films.htm
320,Nobody Knows,2004,2000s,I want family drama,Four children build life without adults.,"family, parents, siblings, marriage, home, generational",Core 500,Yes,6,https://theyshootpictures.com/gf1000_all1000films.htm
321,The Meyerowitz Stories,2017,2010s,I want family drama,Adult siblings orbit one difficult father.,"family, parents, siblings, marriage, home, generational",Core 500,Yes,6,https://theyshootpictures.com/gf1000_all1000films.htm
322,The Celebration,1998,1990s,I want family drama,A family dinner detonates buried truth.,"family, parents, siblings, marriage, home, generational",Core 500,Yes,6,https://theyshootpictures.com/gf1000_all1000films.htm
323,Late Spring,1949,1940s,I want family drama,A daughter resists an expected departure.,"family, parents, siblings, marriage, home, generational",TSPDT Top 100,Yes,6,https://theyshootpictures.com/gf1000_all1000films.htm
324,Wild Strawberries,1957,1950s,I want family drama,An old man revisits emotional distance.,"family, parents, siblings, marriage, home, generational",TSPDT Top 100,Yes,6,https://theyshootpictures.com/gf1000_all1000films.htm
325,Rachel Getting Married,2008,2000s,I want family drama,A wedding reopens every family wound.,"family, parents, siblings, marriage, home, generational",Core 500,Yes,6,https://theyshootpictures.com/gf1000_all1000films.htm
326,The Shawshank Redemption,1994,1990s,I want friendship and connection,Two prisoners build freedom through friendship.,"friendship, connection, chosen family, companionship, loneliness, community",Core 500,Yes,6,https://theyshootpictures.com/gf1000_all1000films.htm
327,Rio Bravo,1959,1950s,I want friendship and connection,Friends hold a town through danger.,"friendship, connection, chosen family, companionship, loneliness, community",TSPDT Top 100,Yes,6,https://theyshootpictures.com/gf1000_all1000films.htm
328,Midnight Cowboy,1969,1960s,I want friendship and connection,Two outsiders cling together through hardship.,"friendship, connection, chosen family, companionship, loneliness, community",Core 500,Yes,6,https://theyshootpictures.com/gf1000_all1000films.htm
329,Frances Ha,2012,2010s,I want friendship and connection,A drifting friendship reshapes young adulthood.,"friendship, connection, chosen family, companionship, loneliness, community",Core 500,Yes,6,https://theyshootpictures.com/gf1000_all1000films.htm
330,Thelma & Louise,1991,1990s,I want friendship and connection,Two friends choose freedom over retreat.,"friendship, connection, chosen family, companionship, loneliness, community",Core 500,Yes,6,https://theyshootpictures.com/gf1000_all1000films.htm
331,Old Joy,2006,2000s,I want friendship and connection,Two old friends test fading closeness.,"friendship, connection, chosen family, companionship, loneliness, community",Core 500,Yes,6,https://theyshootpictures.com/gf1000_all1000films.htm
332,Ghost World,2001,2000s,I want friendship and connection,Two friends outgrow their shared cynicism.,"friendship, connection, chosen family, companionship, loneliness, community",Core 500,Yes,6,https://theyshootpictures.com/gf1000_all1000films.htm
333,Once,2007,2000s,I want friendship and connection,Two musicians make something honest together.,"friendship, connection, chosen family, companionship, loneliness, community",Core 500,Yes,6,https://theyshootpictures.com/gf1000_all1000films.htm
334,Sideways,2004,2000s,I want friendship and connection,Two friends escape themselves through wine.,"friendship, connection, chosen family, companionship, loneliness, community",Core 500,Yes,6,https://theyshootpictures.com/gf1000_all1000films.htm
335,The Big Chill,1983,1980s,I want friendship and connection,Old friends reunite around one loss.,"friendship, connection, chosen family, companionship, loneliness, community",Core 500,Yes,6,https://theyshootpictures.com/gf1000_all1000films.htm
336,The Trip,2010,2010s,I want friendship and connection,Two friends turn travel into competition.,"friendship, connection, chosen family, companionship, loneliness, community",Core 500,Yes,6,https://theyshootpictures.com/gf1000_all1000films.htm
337,50/50,2011,2010s,I want friendship and connection,Illness reveals which friendships actually hold.,"friendship, connection, chosen family, companionship, loneliness, community",Core 500,Yes,6,https://theyshootpictures.com/gf1000_all1000films.htm
338,Jules et Jim,1962,1960s,I want friendship and connection,Friendship and love refuse stable boundaries.,"friendship, connection, chosen family, companionship, loneliness, community",TSPDT Top 100,Yes,6,https://theyshootpictures.com/gf1000_all1000films.htm
339,The Motorcycle Diaries,2004,2000s,I want friendship and connection,A journey expands two young perspectives.,"friendship, connection, chosen family, companionship, loneliness, community",Core 500,Yes,6,https://theyshootpictures.com/gf1000_all1000films.htm
340,The Sisterhood of the Traveling Pants,2005,2000s,I want friendship and connection,Four friends stay connected across distance.,"friendship, connection, chosen family, companionship, loneliness, community",Core 500,Yes,6,https://theyshootpictures.com/gf1000_all1000films.htm
341,The Commitments,1991,1990s,I want friendship and connection,A band briefly turns strangers together.,"friendship, connection, chosen family, companionship, loneliness, community",Core 500,Yes,6,https://theyshootpictures.com/gf1000_all1000films.htm
342,Paddleton,2019,2010s,I want friendship and connection,Two neighbours face mortality through routine.,"friendship, connection, chosen family, companionship, loneliness, community",Core 500,Yes,6,https://theyshootpictures.com/gf1000_all1000films.htm
343,Me and Earl and the Dying Girl,2015,2010s,I want friendship and connection,Awkward friendship grows beside serious illness.,"friendship, connection, chosen family, companionship, loneliness, community",Core 500,Yes,6,https://theyshootpictures.com/gf1000_all1000films.htm
344,The Eight Mountains,2022,2020s,I want friendship and connection,Two friends carry mountains between them.,"friendship, connection, chosen family, companionship, loneliness, community",Core 500,Yes,6,https://theyshootpictures.com/gf1000_all1000films.htm
345,Drive My Car,2021,2020s,I want friendship and connection,Two strangers find understanding through silence.,"friendship, connection, chosen family, companionship, loneliness, community",Core 500,Yes,6,https://theyshootpictures.com/gf1000_all1000films.htm
346,Tampopo,1985,1980s,I want friendship and connection,Food gathers strangers into joyful collaboration.,"friendship, connection, chosen family, companionship, loneliness, community",Core 500,Yes,6,https://theyshootpictures.com/gf1000_all1000films.htm
347,The Banshees of Inisherin,2022,2020s,I want friendship and connection,One friendship ends; everything else worsens.,"friendship, connection, chosen family, companionship, loneliness, community",Core 500,Yes,6,https://theyshootpictures.com/gf1000_all1000films.htm
348,Mikey and Nicky,1976,1970s,I want friendship and connection,Old friendship strains under mortal pressure.,"friendship, connection, chosen family, companionship, loneliness, community",Core 500,Yes,6,https://theyshootpictures.com/gf1000_all1000films.htm
349,The World's End,2013,2010s,I want friendship and connection,Old friends reunite under impossible circumstances.,"friendship, connection, chosen family, companionship, loneliness, community",Core 500,Yes,6,https://theyshootpictures.com/gf1000_all1000films.htm
350,Together,2000,2000s,I want friendship and connection,A commune learns intimacy through chaos.,"friendship, connection, chosen family, companionship, loneliness, community",Core 500,Yes,6,https://theyshootpictures.com/gf1000_all1000films.htm
351,Goodfellas,1990,1990s,I want crime and moral compromise,Crime looks glamorous until it doesn't.,"crime, gangster, heist, cops, noir, moral grey",TSPDT Top 100,Yes,6,https://theyshootpictures.com/gf1000_all1000films.htm
352,Pulp Fiction,1994,1990s,I want crime and moral compromise,Criminal lives collide in fractured time.,"crime, gangster, heist, cops, noir, moral grey",TSPDT Top 100,Yes,6,https://theyshootpictures.com/gf1000_all1000films.htm
353,Double Indemnity,1944,1940s,I want crime and moral compromise,Desire turns insurance into fatal arithmetic.,"crime, gangster, heist, cops, noir, moral grey",Core 500,Yes,6,https://theyshootpictures.com/gf1000_all1000films.htm
354,Le Samouraï,1967,1960s,I want crime and moral compromise,A precise killer faces tightening isolation.,"crime, gangster, heist, cops, noir, moral grey",Core 500,Yes,6,https://theyshootpictures.com/gf1000_all1000films.htm
355,The Public Enemy,1931,1930s,I want crime and moral compromise,A gangster rises through brutal ambition.,"crime, gangster, heist, cops, noir, moral grey",Core 500,Yes,6,https://theyshootpictures.com/gf1000_all1000films.htm
356,Reservoir Dogs,1992,1990s,I want crime and moral compromise,A failed robbery destroys criminal trust.,"crime, gangster, heist, cops, noir, moral grey",Core 500,Yes,6,https://theyshootpictures.com/gf1000_all1000films.htm
357,City of God,2002,2000s,I want crime and moral compromise,Children grow inside escalating urban violence.,"crime, gangster, heist, cops, noir, moral grey",Core 500,Yes,6,https://theyshootpictures.com/gf1000_all1000films.htm
358,The Killing,1956,1950s,I want crime and moral compromise,One perfect robbery meets human weakness.,"crime, gangster, heist, cops, noir, moral grey",Core 500,Yes,6,https://theyshootpictures.com/gf1000_all1000films.htm
359,Mean Streets,1973,1970s,I want crime and moral compromise,Loyalty and guilt haunt small criminals.,"crime, gangster, heist, cops, noir, moral grey",Core 500,Yes,6,https://theyshootpictures.com/gf1000_all1000films.htm
360,Scarface,1932,1930s,I want crime and moral compromise,Ambition turns one gangster increasingly monstrous.,"crime, gangster, heist, cops, noir, moral grey",Core 500,Yes,6,https://theyshootpictures.com/gf1000_all1000films.htm
361,Casino,1995,1990s,I want crime and moral compromise,"Money, love, and control corrode everything.","crime, gangster, heist, cops, noir, moral grey",Core 500,Yes,6,https://theyshootpictures.com/gf1000_all1000films.htm
362,Once Upon a Time in America,1984,1980s,I want crime and moral compromise,Old crimes return through unreliable memory.,"crime, gangster, heist, cops, noir, moral grey",Core 500,Yes,6,https://theyshootpictures.com/gf1000_all1000films.htm
363,Bonnie and Clyde,1967,1960s,I want crime and moral compromise,Young lovers become violent American folklore.,"crime, gangster, heist, cops, noir, moral grey",Core 500,Yes,6,https://theyshootpictures.com/gf1000_all1000films.htm
364,A Prophet,2009,2000s,I want crime and moral compromise,"Prison teaches survival, power, and crime.","crime, gangster, heist, cops, noir, moral grey",Core 500,Yes,6,https://theyshootpictures.com/gf1000_all1000films.htm
365,Gomorrah,2008,2000s,I want crime and moral compromise,Organised crime poisons ordinary daily life.,"crime, gangster, heist, cops, noir, moral grey",Core 500,Yes,6,https://theyshootpictures.com/gf1000_all1000films.htm
366,The Friends of Eddie Coyle,1973,1970s,I want crime and moral compromise,A tired criminal runs out options.,"crime, gangster, heist, cops, noir, moral grey",Core 500,Yes,6,https://theyshootpictures.com/gf1000_all1000films.htm
367,The Killing of a Chinese Bookie,1976,1970s,I want crime and moral compromise,Debt pushes a nightclub owner darker.,"crime, gangster, heist, cops, noir, moral grey",Core 500,Yes,6,https://theyshootpictures.com/gf1000_all1000films.htm
368,Miller's Crossing,1990,1990s,I want crime and moral compromise,Gang loyalties shift beneath elegant betrayal.,"crime, gangster, heist, cops, noir, moral grey",Core 500,Yes,6,https://theyshootpictures.com/gf1000_all1000films.htm
369,Eastern Promises,2007,2000s,I want crime and moral compromise,A hidden world closes around outsiders.,"crime, gangster, heist, cops, noir, moral grey",Core 500,Yes,6,https://theyshootpictures.com/gf1000_all1000films.htm
370,A History of Violence,2005,2000s,I want crime and moral compromise,One heroic act awakens buried identity.,"crime, gangster, heist, cops, noir, moral grey",Core 500,Yes,6,https://theyshootpictures.com/gf1000_all1000films.htm
371,Pickpocket,1959,1950s,I want crime and moral compromise,A thief tests solitude against connection.,"crime, gangster, heist, cops, noir, moral grey",TSPDT Top 100,Yes,6,https://theyshootpictures.com/gf1000_all1000films.htm
372,The Departed,2006,2000s,I want crime and moral compromise,Two moles survive inside enemy worlds.,"crime, gangster, heist, cops, noir, moral grey",Core 500,Yes,6,https://theyshootpictures.com/gf1000_all1000films.htm
373,Bad Lieutenant,1992,1990s,I want crime and moral compromise,A corrupt cop searches for grace.,"crime, gangster, heist, cops, noir, moral grey",Core 500,Yes,6,https://theyshootpictures.com/gf1000_all1000films.htm
374,Le Cercle Rouge,1970,1970s,I want crime and moral compromise,Three criminals meet inside perfect restraint.,"crime, gangster, heist, cops, noir, moral grey",Core 500,Yes,6,https://theyshootpictures.com/gf1000_all1000films.htm
375,The Asphalt Jungle,1950,1950s,I want crime and moral compromise,A planned heist reveals private weaknesses.,"crime, gangster, heist, cops, noir, moral grey",Core 500,Yes,6,https://theyshootpictures.com/gf1000_all1000films.htm
376,Citizen Kane,1941,1940s,I want ambition and obsession,Power accumulates while one life empties.,"ambition, obsession, perfection, fame, career, greatness",TSPDT Top 100,Yes,6,https://theyshootpictures.com/gf1000_all1000films.htm
377,There Will Be Blood,2007,2000s,I want ambition and obsession,Ambition drills through family and soul.,"ambition, obsession, perfection, fame, career, greatness",Core 500,Yes,6,https://theyshootpictures.com/gf1000_all1000films.htm
378,Raging Bull,1980,1980s,I want ambition and obsession,A fighter battles everyone including himself.,"ambition, obsession, perfection, fame, career, greatness",TSPDT Top 100,Yes,6,https://theyshootpictures.com/gf1000_all1000films.htm
379,Whiplash,2014,2010s,I want ambition and obsession,Greatness demands more than talent should.,"ambition, obsession, perfection, fame, career, greatness",Core 500,Yes,6,https://theyshootpictures.com/gf1000_all1000films.htm
380,Black Swan,2010,2010s,I want ambition and obsession,Perfection splits an artist against herself.,"ambition, obsession, perfection, fame, career, greatness",Core 500,Yes,6,https://theyshootpictures.com/gf1000_all1000films.htm
381,Amadeus,1984,1980s,I want ambition and obsession,Genius torments the man watching closest.,"ambition, obsession, perfection, fame, career, greatness",Core 500,Yes,6,https://theyshootpictures.com/gf1000_all1000films.htm
382,The Red Shoes,1948,1940s,I want ambition and obsession,Art demands everything from one dancer.,"ambition, obsession, perfection, fame, career, greatness",Core 500,Yes,6,https://theyshootpictures.com/gf1000_all1000films.htm
383,All That Jazz,1979,1970s,I want ambition and obsession,A showman edits life against death.,"ambition, obsession, perfection, fame, career, greatness",Core 500,Yes,6,https://theyshootpictures.com/gf1000_all1000films.htm
384,The Social Network,2010,2010s,I want ambition and obsession,A brilliant idea fractures every friendship.,"ambition, obsession, perfection, fame, career, greatness",Core 500,Yes,6,https://theyshootpictures.com/gf1000_all1000films.htm
385,Nightcrawler,2014,2010s,I want ambition and obsession,Ambition discovers the market for horror.,"ambition, obsession, perfection, fame, career, greatness",Core 500,Yes,6,https://theyshootpictures.com/gf1000_all1000films.htm
386,The Prestige,2006,2000s,I want ambition and obsession,Two magicians sacrifice everything to win.,"ambition, obsession, perfection, fame, career, greatness",Core 500,Yes,6,https://theyshootpictures.com/gf1000_all1000films.htm
387,Boogie Nights,1997,1990s,I want ambition and obsession,A young star chases endless belonging.,"ambition, obsession, perfection, fame, career, greatness",Core 500,Yes,6,https://theyshootpictures.com/gf1000_all1000films.htm
388,Birdman,2014,2010s,I want ambition and obsession,An actor claws toward artistic relevance.,"ambition, obsession, perfection, fame, career, greatness",Core 500,Yes,6,https://theyshootpictures.com/gf1000_all1000films.htm
389,Foxcatcher,2014,2010s,I want ambition and obsession,Ambition and insecurity form dangerous dependency.,"ambition, obsession, perfection, fame, career, greatness",Core 500,Yes,6,https://theyshootpictures.com/gf1000_all1000films.htm
390,The Aviator,2004,2000s,I want ambition and obsession,Innovation rises alongside consuming private compulsions.,"ambition, obsession, perfection, fame, career, greatness",Core 500,Yes,6,https://theyshootpictures.com/gf1000_all1000films.htm
391,Sunset Boulevard,1950,1950s,I want ambition and obsession,Fame's afterlife traps two desperate people.,"ambition, obsession, perfection, fame, career, greatness",TSPDT Top 100,Yes,6,https://theyshootpictures.com/gf1000_all1000films.htm
392,Opening Night,1977,1970s,I want ambition and obsession,"An actress fights role, age, reality.","ambition, obsession, perfection, fame, career, greatness",Core 500,Yes,6,https://theyshootpictures.com/gf1000_all1000films.htm
393,A Face in the Crowd,1957,1950s,I want ambition and obsession,Charm turns ambition into national power.,"ambition, obsession, perfection, fame, career, greatness",Core 500,Yes,6,https://theyshootpictures.com/gf1000_all1000films.htm
394,The Master,2012,2010s,I want ambition and obsession,"A drifter meets charisma, control, belief.","ambition, obsession, perfection, fame, career, greatness",Core 500,Yes,6,https://theyshootpictures.com/gf1000_all1000films.htm
395,Tár,2022,2020s,I want ambition and obsession,Control unravels around a celebrated conductor.,"ambition, obsession, perfection, fame, career, greatness",Core 500,Yes,6,https://theyshootpictures.com/gf1000_all1000films.htm
396,La Dolce Vita,1960,1960s,I want ambition and obsession,Pleasure keeps revealing an emptier life.,"ambition, obsession, perfection, fame, career, greatness",TSPDT Top 100,Yes,6,https://theyshootpictures.com/gf1000_all1000films.htm
397,The Hustler,1961,1960s,I want ambition and obsession,Talent meets pride at the table.,"ambition, obsession, perfection, fame, career, greatness",Core 500,Yes,6,https://theyshootpictures.com/gf1000_all1000films.htm
398,The Damned United,2009,2000s,I want ambition and obsession,Confidence becomes obsession under public pressure.,"ambition, obsession, perfection, fame, career, greatness",Core 500,Yes,6,https://theyshootpictures.com/gf1000_all1000films.htm
399,8½,1963,1960s,I want ambition and obsession,A filmmaker escapes into creative confusion.,"ambition, obsession, perfection, fame, career, greatness",TSPDT Top 100,Yes,6,https://theyshootpictures.com/gf1000_all1000films.htm
400,Ace in the Hole,1951,1950s,I want ambition and obsession,A reporter turns tragedy into opportunity.,"ambition, obsession, perfection, fame, career, greatness",Core 500,Yes,6,https://theyshootpictures.com/gf1000_all1000films.htm
401,The Battle of Algiers,1966,1960s,I want power and politics,Rebellion and occupation trap the city.,"politics, power, corruption, protest, systems, justice",TSPDT Top 100,Yes,6,https://theyshootpictures.com/gf1000_all1000films.htm
402,Do the Right Thing,1989,1980s,I want power and politics,Summer heat exposes a neighbourhood's fractures.,"politics, power, corruption, protest, systems, justice",TSPDT Top 100,Yes,6,https://theyshootpictures.com/gf1000_all1000films.htm
403,Battleship Potemkin,1925,1920s,I want power and politics,Mutiny ignites a vision of revolution.,"politics, power, corruption, protest, systems, justice",TSPDT Top 100,Yes,6,https://theyshootpictures.com/gf1000_all1000films.htm
404,The Conformist,1970,1970s,I want power and politics,One man bends himself toward fascism.,"politics, power, corruption, protest, systems, justice",TSPDT Top 100,Yes,6,https://theyshootpictures.com/gf1000_all1000films.htm
405,The Battle of Chile,1975,1970s,I want power and politics,A democracy fractures before the camera.,"politics, power, corruption, protest, systems, justice",Core 500,Yes,6,https://theyshootpictures.com/gf1000_all1000films.htm
406,Z,1969,1960s,I want power and politics,A murder exposes machinery beneath democracy.,"politics, power, corruption, protest, systems, justice",Core 500,Yes,6,https://theyshootpictures.com/gf1000_all1000films.htm
407,The Lives of Others,2006,2000s,I want power and politics,Surveillance changes the man doing watching.,"politics, power, corruption, protest, systems, justice",Core 500,Yes,6,https://theyshootpictures.com/gf1000_all1000films.htm
408,The Great Dictator,1940,1940s,I want power and politics,Comedy confronts tyranny with public humanity.,"politics, power, corruption, protest, systems, justice",Core 500,Yes,6,https://theyshootpictures.com/gf1000_all1000films.htm
409,Medium Cool,1969,1960s,I want power and politics,"Media, protest, and violence blur together.","politics, power, corruption, protest, systems, justice",Core 500,Yes,6,https://theyshootpictures.com/gf1000_all1000films.htm
410,Malcolm X,1992,1990s,I want power and politics,A life evolves through political awakening.,"politics, power, corruption, protest, systems, justice",Core 500,Yes,6,https://theyshootpictures.com/gf1000_all1000films.htm
411,Judas and the Black Messiah,2021,2020s,I want power and politics,Power infiltrates a movement from within.,"politics, power, corruption, protest, systems, justice",Core 500,Yes,6,https://theyshootpictures.com/gf1000_all1000films.htm
412,The Manchurian Candidate,1962,1960s,I want power and politics,Cold war paranoia enters political machinery.,"politics, power, corruption, protest, systems, justice",Core 500,Yes,6,https://theyshootpictures.com/gf1000_all1000films.htm
413,Mr. Smith Goes to Washington,1939,1930s,I want power and politics,Idealism meets a deeply practiced system.,"politics, power, corruption, protest, systems, justice",Core 500,Yes,6,https://theyshootpictures.com/gf1000_all1000films.htm
414,The Candidate,1972,1970s,I want power and politics,Winning slowly replaces every original belief.,"politics, power, corruption, protest, systems, justice",Core 500,Yes,6,https://theyshootpictures.com/gf1000_all1000films.htm
415,Wag the Dog,1997,1990s,I want power and politics,A fake war solves real politics.,"politics, power, corruption, protest, systems, justice",Core 500,Yes,6,https://theyshootpictures.com/gf1000_all1000films.htm
416,The Battle of Chile Part II,1976,1970s,I want power and politics,Political collapse accelerates toward military takeover.,"politics, power, corruption, protest, systems, justice",Core 500,Yes,6,https://theyshootpictures.com/gf1000_all1000films.htm
417,The Passion of Joan of Arc,1928,1920s,I want power and politics,Faith stands exposed before institutional power.,"politics, power, corruption, protest, systems, justice",TSPDT Top 100,Yes,6,https://theyshootpictures.com/gf1000_all1000films.htm
418,The Insider,1999,1990s,I want power and politics,Truth collides with corporate media pressure.,"politics, power, corruption, protest, systems, justice",Core 500,Yes,6,https://theyshootpictures.com/gf1000_all1000films.htm
419,The Parallax View,1974,1970s,I want power and politics,A reporter enters hidden political machinery.,"politics, power, corruption, protest, systems, justice",Core 500,Yes,6,https://theyshootpictures.com/gf1000_all1000films.htm
420,The Official Story,1985,1980s,I want power and politics,One family's comfort meets national atrocity.,"politics, power, corruption, protest, systems, justice",Core 500,Yes,6,https://theyshootpictures.com/gf1000_all1000films.htm
421,No,2012,2010s,I want power and politics,Advertising becomes a weapon against dictatorship.,"politics, power, corruption, protest, systems, justice",Core 500,Yes,6,https://theyshootpictures.com/gf1000_all1000films.htm
422,The Year of Living Dangerously,1982,1980s,I want power and politics,Foreign correspondents navigate collapsing political order.,"politics, power, corruption, protest, systems, justice",Core 500,Yes,6,https://theyshootpictures.com/gf1000_all1000films.htm
423,State of Siege,1972,1970s,I want power and politics,Political violence exposes international power games.,"politics, power, corruption, protest, systems, justice",Core 500,Yes,6,https://theyshootpictures.com/gf1000_all1000films.htm
424,Missing,1982,1980s,I want power and politics,A father searches through political silence.,"politics, power, corruption, protest, systems, justice",Core 500,Yes,6,https://theyshootpictures.com/gf1000_all1000films.htm
425,The Leopard,1963,1960s,I want power and politics,Old power watches a new order.,"politics, power, corruption, protest, systems, justice",TSPDT Top 100,Yes,6,https://theyshootpictures.com/gf1000_all1000films.htm
426,Apocalypse Now,1979,1970s,I want war and survival,A river journey descends through war.,"war, survival, resistance, conflict, historical, occupation",TSPDT Top 100,Yes,6,https://theyshootpictures.com/gf1000_all1000films.htm
427,Come and See,1985,1980s,I want war and survival,A child walks directly into atrocity.,"war, survival, resistance, conflict, historical, occupation",Core 500,Yes,6,https://theyshootpictures.com/gf1000_all1000films.htm
428,Paths of Glory,1957,1950s,I want war and survival,Soldiers pay for their leaders' vanity.,"war, survival, resistance, conflict, historical, occupation",Core 500,Yes,6,https://theyshootpictures.com/gf1000_all1000films.htm
429,The Thin Red Line,1998,1990s,I want war and survival,War collides with private spiritual wonder.,"war, survival, resistance, conflict, historical, occupation",Core 500,Yes,6,https://theyshootpictures.com/gf1000_all1000films.htm
430,Das Boot,1981,1980s,I want war and survival,A submarine crew waits inside pressure.,"war, survival, resistance, conflict, historical, occupation",Core 500,Yes,6,https://theyshootpictures.com/gf1000_all1000films.htm
431,Army of Shadows,1969,1960s,I want war and survival,Resistance demands loyalty without clean choices.,"war, survival, resistance, conflict, historical, occupation",Core 500,Yes,6,https://theyshootpictures.com/gf1000_all1000films.htm
432,"Rome, Open City",1945,1940s,I want war and survival,Occupation turns daily life into resistance.,"war, survival, resistance, conflict, historical, occupation",Core 500,Yes,6,https://theyshootpictures.com/gf1000_all1000films.htm
433,The Burmese Harp,1956,1950s,I want war and survival,A soldier searches for peace afterward.,"war, survival, resistance, conflict, historical, occupation",Core 500,Yes,6,https://theyshootpictures.com/gf1000_all1000films.htm
434,The Human Condition I: No Greater Love,1959,1950s,I want war and survival,A pacifist confronts war's impossible machinery.,"war, survival, resistance, conflict, historical, occupation",Core 500,Yes,6,https://theyshootpictures.com/gf1000_all1000films.htm
435,Grand Illusion,1937,1930s,I want war and survival,Prisoners discover class beyond enemy lines.,"war, survival, resistance, conflict, historical, occupation",TSPDT Top 100,Yes,6,https://theyshootpictures.com/gf1000_all1000films.htm
436,The Ascent,1977,1970s,I want war and survival,Captured resistance fighters face moral extremes.,"war, survival, resistance, conflict, historical, occupation",Core 500,Yes,6,https://theyshootpictures.com/gf1000_all1000films.htm
437,Ivan's Childhood,1962,1960s,I want war and survival,A child soldier moves through ruins.,"war, survival, resistance, conflict, historical, occupation",Core 500,Yes,6,https://theyshootpictures.com/gf1000_all1000films.htm
438,Paisan,1946,1940s,I want war and survival,Liberation unfolds through scattered human encounters.,"war, survival, resistance, conflict, historical, occupation",Core 500,Yes,6,https://theyshootpictures.com/gf1000_all1000films.htm
439,The Cranes Are Flying,1957,1950s,I want war and survival,War separates love from its future.,"war, survival, resistance, conflict, historical, occupation",Core 500,Yes,6,https://theyshootpictures.com/gf1000_all1000films.htm
440,Dunkirk,2017,2010s,I want war and survival,"Survival depends on minutes, water, courage.","war, survival, resistance, conflict, historical, occupation",Core 500,Yes,6,https://theyshootpictures.com/gf1000_all1000films.htm
441,1917,2019,2010s,I want war and survival,Two soldiers race across collapsing lines.,"war, survival, resistance, conflict, historical, occupation",Core 500,Yes,6,https://theyshootpictures.com/gf1000_all1000films.htm
442,The Pianist,2002,2000s,I want war and survival,A musician survives by disappearing daily.,"war, survival, resistance, conflict, historical, occupation",Core 500,Yes,6,https://theyshootpictures.com/gf1000_all1000films.htm
443,Son of Saul,2015,2010s,I want war and survival,One prisoner clings to impossible dignity.,"war, survival, resistance, conflict, historical, occupation",Core 500,Yes,6,https://theyshootpictures.com/gf1000_all1000films.htm
444,The Hurt Locker,2008,2000s,I want war and survival,Danger becomes one soldier's familiar addiction.,"war, survival, resistance, conflict, historical, occupation",Core 500,Yes,6,https://theyshootpictures.com/gf1000_all1000films.htm
445,Shoah,1985,1980s,I want war and survival,Survivors speak where images cannot suffice.,"war, survival, resistance, conflict, historical, occupation",TSPDT Top 100,Yes,6,https://theyshootpictures.com/gf1000_all1000films.htm
446,Letters from Iwo Jima,2006,2000s,I want war and survival,Defeat approaches from inside fortified caves.,"war, survival, resistance, conflict, historical, occupation",Core 500,Yes,6,https://theyshootpictures.com/gf1000_all1000films.htm
447,Gallipoli,1981,1980s,I want war and survival,Young friendship marches toward distant war.,"war, survival, resistance, conflict, historical, occupation",Core 500,Yes,6,https://theyshootpictures.com/gf1000_all1000films.htm
448,The Killing Fields,1984,1980s,I want war and survival,Friendship struggles against political mass violence.,"war, survival, resistance, conflict, historical, occupation",Core 500,Yes,6,https://theyshootpictures.com/gf1000_all1000films.htm
449,The Zone of Interest,2023,2020s,I want war and survival,Domestic routine sits beside industrial horror.,"war, survival, resistance, conflict, historical, occupation",Core 500,Yes,6,https://theyshootpictures.com/gf1000_all1000films.htm
450,Fires on the Plain,1959,1950s,I want war and survival,A starving soldier wanders through collapse.,"war, survival, resistance, conflict, historical, occupation",Core 500,Yes,6,https://theyshootpictures.com/gf1000_all1000films.htm
451,Singin' in the Rain,1952,1950s,I want music and performance,Movies change; performers learn to change.,"music, band, performance, artist, concert, dance",TSPDT Top 100,Yes,6,https://theyshootpictures.com/gf1000_all1000films.htm
452,Cabaret,1972,1970s,I want music and performance,Performance sparkles while politics turns darker.,"music, band, performance, artist, concert, dance",Core 500,Yes,6,https://theyshootpictures.com/gf1000_all1000films.htm
453,Nashville,1975,1970s,I want music and performance,"Music, ambition, and politics crowd together.","music, band, performance, artist, concert, dance",TSPDT Top 100,Yes,6,https://theyshootpictures.com/gf1000_all1000films.htm
454,Stop Making Sense,1984,1980s,I want music and performance,A concert grows into pure joy.,"music, band, performance, artist, concert, dance",Core 500,Yes,6,https://theyshootpictures.com/gf1000_all1000films.htm
455,One Night in Miami...,2020,2020s,I want music and performance,Four icons debate purpose behind doors.,"music, band, performance, artist, concert, dance",Core 500,Yes,6,https://theyshootpictures.com/gf1000_all1000films.htm
456,42nd Street,1933,1930s,I want music and performance,A chorus girl gets one chance.,"music, band, performance, artist, concert, dance",Core 500,Yes,6,https://theyshootpictures.com/gf1000_all1000films.htm
457,Coal Miner's Daughter,1980,1980s,I want music and performance,A singer rises from rural poverty.,"music, band, performance, artist, concert, dance",Core 500,Yes,6,https://theyshootpictures.com/gf1000_all1000films.htm
458,The Music Room,1958,1950s,I want music and performance,A fading aristocrat clings to music.,"music, band, performance, artist, concert, dance",Core 500,Yes,6,https://theyshootpictures.com/gf1000_all1000films.htm
459,Inside Llewyn Davis,2013,2010s,I want music and performance,A musician circles failure through winter.,"music, band, performance, artist, concert, dance",Core 500,Yes,6,https://theyshootpictures.com/gf1000_all1000films.htm
460,Jazz on a Summer's Day,1959,1950s,I want music and performance,Music and sunlight fill Newport weekend.,"music, band, performance, artist, concert, dance",Core 500,Yes,6,https://theyshootpictures.com/gf1000_all1000films.htm
461,Sound of Metal,2019,2010s,I want music and performance,"A drummer loses sound, finds stillness.","music, band, performance, artist, concert, dance",Core 500,Yes,6,https://theyshootpictures.com/gf1000_all1000films.htm
462,School of Rock,2003,2000s,I want music and performance,A fraud turns children into performers.,"music, band, performance, artist, concert, dance",Core 500,Yes,6,https://theyshootpictures.com/gf1000_all1000films.htm
463,Purple Rain,1984,1980s,I want music and performance,"Music, ego, and family pain collide.","music, band, performance, artist, concert, dance",Core 500,Yes,6,https://theyshootpictures.com/gf1000_all1000films.htm
464,Buena Vista Social Club,1999,1990s,I want music and performance,Old musicians rediscover songs and themselves.,"music, band, performance, artist, concert, dance",Core 500,Yes,6,https://theyshootpictures.com/gf1000_all1000films.htm
465,The Last Waltz,1978,1970s,I want music and performance,A farewell concert becomes living history.,"music, band, performance, artist, concert, dance",Core 500,Yes,6,https://theyshootpictures.com/gf1000_all1000films.htm
466,Paris Is Burning,1990,1990s,I want music and performance,Ballroom performance creates family and identity.,"music, band, performance, artist, concert, dance",Core 500,Yes,6,https://theyshootpictures.com/gf1000_all1000films.htm
467,Funny Girl,1968,1960s,I want music and performance,Talent rises faster than one romance.,"music, band, performance, artist, concert, dance",Core 500,Yes,6,https://theyshootpictures.com/gf1000_all1000films.htm
468,A Star Is Born,1954,1950s,I want music and performance,One star rises as another fades.,"music, band, performance, artist, concert, dance",Core 500,Yes,6,https://theyshootpictures.com/gf1000_all1000films.htm
469,Dreamgirls,2006,2000s,I want music and performance,"Success reshapes friendship, love, and sound.","music, band, performance, artist, concert, dance",Core 500,Yes,6,https://theyshootpictures.com/gf1000_all1000films.htm
470,Once Upon a Time in Hollywood,2019,2010s,I want music and performance,Old showbusiness drifts toward changing times.,"music, band, performance, artist, concert, dance",Core 500,Yes,6,https://theyshootpictures.com/gf1000_all1000films.htm
471,Topsy-Turvy,1999,1990s,I want music and performance,"Artists fight, collaborate, and make magic.","music, band, performance, artist, concert, dance",Core 500,Yes,6,https://theyshootpictures.com/gf1000_all1000films.htm
472,The Young Girls of Rochefort,1967,1960s,I want music and performance,A city sings about missed connections.,"music, band, performance, artist, concert, dance",Core 500,Yes,6,https://theyshootpictures.com/gf1000_all1000films.htm
473,Black Orpheus,1959,1950s,I want music and performance,Myth and music dance through carnival.,"music, band, performance, artist, concert, dance",Core 500,Yes,6,https://theyshootpictures.com/gf1000_all1000films.htm
474,A Hard Day's Night,1964,1960s,I want music and performance,Beatles chaos turns pop into cinema.,"music, band, performance, artist, concert, dance",Core 500,Yes,6,https://theyshootpictures.com/gf1000_all1000films.htm
475,Ma Rainey's Black Bottom,2020,2020s,I want music and performance,Music sessions expose power and frustration.,"music, band, performance, artist, concert, dance",Core 500,Yes,6,https://theyshootpictures.com/gf1000_all1000films.htm
476,Mirror,1975,1970s,I want something beautiful and strange,Memory drifts through time like weather.,"beautiful, dreamlike, poetic, visual, slow, strange",TSPDT Top 100,Yes,6,https://theyshootpictures.com/gf1000_all1000films.htm
477,The Tree of Life,2011,2010s,I want something beautiful and strange,One family opens onto cosmic wonder.,"beautiful, dreamlike, poetic, visual, slow, strange",Core 500,Yes,6,https://theyshootpictures.com/gf1000_all1000films.htm
478,Days of Heaven,1978,1970s,I want something beautiful and strange,"Beauty surrounds desire, deceit, and fire.","beautiful, dreamlike, poetic, visual, slow, strange",Core 500,Yes,6,https://theyshootpictures.com/gf1000_all1000films.htm
479,Beau Travail,1999,1990s,I want something beautiful and strange,Discipline and desire move beneath silence.,"beautiful, dreamlike, poetic, visual, slow, strange",TSPDT Top 100,Yes,6,https://theyshootpictures.com/gf1000_all1000films.htm
480,The Colour of Pomegranates,1969,1960s,I want something beautiful and strange,A poet's life becomes living iconography.,"beautiful, dreamlike, poetic, visual, slow, strange",Core 500,Yes,6,https://theyshootpictures.com/gf1000_all1000films.htm
481,Barry Lyndon,1975,1970s,I want something beautiful and strange,A climber moves through painted worlds.,"beautiful, dreamlike, poetic, visual, slow, strange",TSPDT Top 100,Yes,6,https://theyshootpictures.com/gf1000_all1000films.htm
482,Days of Being Wild,1990,1990s,I want something beautiful and strange,Restless hearts drift through humid longing.,"beautiful, dreamlike, poetic, visual, slow, strange",Core 500,Yes,6,https://theyshootpictures.com/gf1000_all1000films.htm
483,"Paris, Texas",1984,1980s,I want something beautiful and strange,A lost man walks toward memory.,"beautiful, dreamlike, poetic, visual, slow, strange",Core 500,Yes,6,https://theyshootpictures.com/gf1000_all1000films.htm
484,Wings of Desire,1987,1980s,I want something beautiful and strange,An angel longs for human experience.,"beautiful, dreamlike, poetic, visual, slow, strange",Core 500,Yes,6,https://theyshootpictures.com/gf1000_all1000films.htm
485,Madame de...,1953,1950s,I want something beautiful and strange,A pair of earrings circles desire.,"beautiful, dreamlike, poetic, visual, slow, strange",Core 500,Yes,6,https://theyshootpictures.com/gf1000_all1000films.htm
486,Uncle Boonmee Who Can Recall His Past Lives,2010,2010s,I want something beautiful and strange,Ghosts visit softly beside ordinary life.,"beautiful, dreamlike, poetic, visual, slow, strange",Core 500,Yes,6,https://theyshootpictures.com/gf1000_all1000films.htm
487,Andrei Rublev,1966,1960s,I want something beautiful and strange,"An artist searches through faith, violence.","beautiful, dreamlike, poetic, visual, slow, strange",TSPDT Top 100,Yes,6,https://theyshootpictures.com/gf1000_all1000films.htm
488,Sans Soleil,1983,1980s,I want something beautiful and strange,Memory travels across images and places.,"beautiful, dreamlike, poetic, visual, slow, strange",TSPDT Top 100,Yes,6,https://theyshootpictures.com/gf1000_all1000films.htm
489,Cléo from 5 to 7,1962,1960s,I want something beautiful and strange,A singer walks while awaiting answers.,"beautiful, dreamlike, poetic, visual, slow, strange",TSPDT Top 100,Yes,6,https://theyshootpictures.com/gf1000_all1000films.htm
490,Man with a Movie Camera,1929,1920s,I want something beautiful and strange,A city becomes cinema discovering itself.,"beautiful, dreamlike, poetic, visual, slow, strange",TSPDT Top 100,Yes,6,https://theyshootpictures.com/gf1000_all1000films.htm
491,Kwaidan,1964,1960s,I want something beautiful and strange,Ghost stories unfold like painted dreams.,"beautiful, dreamlike, poetic, visual, slow, strange",Core 500,Yes,6,https://theyshootpictures.com/gf1000_all1000films.htm
492,"Aguirre, the Wrath of God",1972,1970s,I want something beautiful and strange,A conquistador chases impossible jungle glory.,"beautiful, dreamlike, poetic, visual, slow, strange",Core 500,Yes,6,https://theyshootpictures.com/gf1000_all1000films.htm
493,Ugetsu,1953,1950s,I want something beautiful and strange,War and desire drift toward ghosts.,"beautiful, dreamlike, poetic, visual, slow, strange",TSPDT Top 100,Yes,6,https://theyshootpictures.com/gf1000_all1000films.htm
494,Black Narcissus,1947,1940s,I want something beautiful and strange,Desire destabilises a remote mountain convent.,"beautiful, dreamlike, poetic, visual, slow, strange",Core 500,Yes,6,https://theyshootpictures.com/gf1000_all1000films.htm
495,The Night of the Hunter,1955,1950s,I want something beautiful and strange,Childhood terror becomes dark visual folklore.,"beautiful, dreamlike, poetic, visual, slow, strange",TSPDT Top 100,Yes,6,https://theyshootpictures.com/gf1000_all1000films.htm
496,Picnic at Hanging Rock,1975,1970s,I want something beautiful and strange,A disappearance turns landscape into mystery.,"beautiful, dreamlike, poetic, visual, slow, strange",Core 500,Yes,6,https://theyshootpictures.com/gf1000_all1000films.htm
497,Orpheus,1950,1950s,I want something beautiful and strange,A poet crosses mirrors toward death.,"beautiful, dreamlike, poetic, visual, slow, strange",Core 500,Yes,6,https://theyshootpictures.com/gf1000_all1000films.htm
498,Fantasia,1940,1940s,I want something beautiful and strange,Music transforms into pure visual imagination.,"beautiful, dreamlike, poetic, visual, slow, strange",Core 500,Yes,6,https://theyshootpictures.com/gf1000_all1000films.htm
499,The Sacrifice,1986,1980s,I want something beautiful and strange,One man bargains everything against catastrophe.,"beautiful, dreamlike, poetic, visual, slow, strange",Core 500,Yes,6,https://theyshootpictures.com/gf1000_all1000films.htm
500,"Jeanne Dielman, 23 quai du Commerce, 1080 Bruxelles",1975,1970s,I want something beautiful and strange,Routine tightens quietly around domestic isolation.,"beautiful, dreamlike, poetic, visual, slow, strange",TSPDT Top 100,Yes,6,https://theyshootpictures.com/gf1000_all1000films.htm
